date,url,username,content,location,lanuage
2022-10-31 23:59:10+00:00,https://twitter.com/migueldevm/status/1587232745247350785,migueldevm,"Web summit? Mais web estou bu√© cansado, a trabalhar mais que o meu hor√°rio sem receber mais e a ter que levar com putos em todo o lado em Lisboa pq √© halloween e eu s√≥ queria comer um hamb√∫rguer em paz e n√£o levar com 70 pedidos √† frente. https://t.co/TaehXiVDkQ",,pt
2022-10-31 23:58:39+00:00,https://twitter.com/observadorpt/status/1587232613814648832,observadorpt,Das ‚Äúsaudades‚Äù do Brasil √† ‚Äúconfian√ßa‚Äù no secret√°rio de Estado. A visita de Costa a uma Web Summit ainda em constru√ß√£o https://t.co/5QNalanB6I,Portugal,pt
2022-10-31 23:56:09+00:00,https://twitter.com/MeghanChayka/status/1587231986598518786,MeghanChayka,@FatouSadio Web summit?,"Toronto, Niagara",en
2022-10-31 23:45:39+00:00,https://twitter.com/shineyd1111/status/1587229344140869638,shineyd1111,@LeaksBlockchain Chico you coming to web summit bro???,Tulum Mexico,en
2022-10-31 23:45:11+00:00,https://twitter.com/PiNetworkFrance/status/1587229227702788098,PiNetworkFrance,"A Lisbonne, le Web Summit se penche sur l'avenir n√©buleux de la crypto https://t.co/SPxWwbBwW4",France,fr
2022-10-31 23:26:41+00:00,https://twitter.com/Rasmunssen/status/1587224571794657281,Rasmunssen,@omalestafeito E a web summit!,,en
2022-10-31 23:19:45+00:00,https://twitter.com/SuriyaSubraman/status/1587222827060854784,SuriyaSubraman,"The evolution of ethics in the world of big data | | Web Summit | November, 2022: AI and machine learning Data science Ethics ... Solutions are emerging around danger spots such as AI and data privacy, while, most importantly,¬†... https://t.co/qpzC3wQT8Z #bigdata #cdo #cto","London, UK",en
2022-10-31 23:17:08+00:00,https://twitter.com/generationhuh/status/1587222169192308736,generationhuh,@WebSummit Really terrible move on Web Summit's part.,,en
2022-10-31 22:53:50+00:00,https://twitter.com/O_Filho_Tirano/status/1587216302329978882,O_Filho_Tirano,@FilipeBGuerra O que √© que o governo portugu√™s tem a ver com a programa√ß√£o e com os convidados da web summit?,,pt
2022-10-31 22:52:04+00:00,https://twitter.com/O_Filho_Tirano/status/1587215857213652994,O_Filho_Tirano,A Esquerda a defender a Web Summit porque o √≥dio pela Ucr√¢nia fala mais alto &lt;3 https://t.co/9jE5OHoZY6,,pt
2022-10-31 22:45:06+00:00,https://twitter.com/decimated_game/status/1587214106905481224,decimated_game,@AbugovIlya We are exhibiting at Web Summit :),"Earth, abandoned",en
2022-10-31 22:39:51+00:00,https://twitter.com/Kusamaximalist/status/1587212785078964226,Kusamaximalist,"10 000 Exosamas. Almost 70% locked in the multiverse portal + team, and only 1.6% are listed for sale in total - with 0.37% to 3 $ETH and another 0.78% to 7 $ETH FP! No more sell pressure.
Expect buy pressure this week as Rug Radio, Discord, and Web Summit are coming together! https://t.co/3l0WthQann",,en
2022-10-31 22:35:15+00:00,https://twitter.com/caboverdigital/status/1587211626624815107,caboverdigital,"Cabo Verde est√° de volta √† Web Summit

O GoGlobal leva, de novo, 10 das  startups tecnol√≥gica, para fazer parte do stand de Cabo Verde no Web Summit 2022. 

Junte-se a n√≥s  np Pavilh√£o 5 - n√∫mero E528

Aproveitamos a chegada dos nossos guerreiros digitais para agradecer √† Cabo Ve https://t.co/ZB8zDf4x3T",Cabo Verde,pt
2022-10-31 22:25:08+00:00,https://twitter.com/noticiaaominuto/status/1587209079335882753,noticiaaominuto,Web Summit tem ajudado a projetar Lisboa e Portugal https://t.co/1JpRaw8xAD #paisaominuto,Portugal,pt
2022-10-31 22:10:43+00:00,https://twitter.com/Crypto__Buzz/status/1587205451388575744,Crypto__Buzz,"This year, Web Summit 2022 presents a separate crypto track for blockchain enthusiasts to discuss trends and challenges in Web 3.0.",,en
2022-10-31 22:10:42+00:00,https://twitter.com/Crypto__Buzz/status/1587205450486849536,Crypto__Buzz,"Polkdadot Brings the Future of Web 3.0 to Web Summit 2022

#20

https://t.co/nTOyysLnt8 https://t.co/unViW1siYf",,en
2022-10-31 22:08:55+00:00,https://twitter.com/SalHelder/status/1587205000396144644,SalHelder,"@PedroSilva1978 Banir a web summit, ponto final.",3¬™ rep. dos bananas de lisboa,en
2022-10-31 22:06:55+00:00,https://twitter.com/PedroSilva1978/status/1587204495141912576,PedroSilva1978,"Eu c√° conhe√ßo um bom desafio para esta coisa que se chama Web Summit.

üëâ Acabar com a explora√ß√£o barata de m√£o de obra qualificada https://t.co/u2v7Q3Dvmi","Porto, Portugal",pt
2022-10-31 22:00:27+00:00,https://twitter.com/meets_crm/status/1587202868431421445,meets_crm,"Confere a novidade: 

O Meets estar√° no Web Summit 2022, um dos principais eventos de tecnologia do mundo!

üóìO evento acontecer√° entre os dias 01 e 04 de novembro, no Altice Arena, situado na cidade de Lisboa, em Portugal.

#WebSummit #WebSummit 2022 #crm #meets https://t.co/E1dRD8FHBO",Recife e S√£o Paulo,pt
2022-10-31 21:56:30+00:00,https://twitter.com/nocoffeenocode/status/1587201874918359042,nocoffeenocode,Obligatory Web Summit airport pic ‚úÖ https://t.co/Xgar6PUL3T,"Newcastle Upon Tyne, England",en
2022-10-31 21:55:20+00:00,https://twitter.com/krlakshmikanth/status/1587201583145705476,krlakshmikanth,"Always ensure all the important things are getting done, everyone is working on the most important things they can, and that nothing unimportant is getting done. 

- By Des Traynor at web summit 2021","Stockholm, Sweden",en
2022-10-31 21:48:46+00:00,https://twitter.com/maneltorresestr/status/1587199928140546051,maneltorresestr,"Cumbre de empresas emergentes Web Summit: ""Todo a√∫n m√°s grande"". M√°s de 900 ponentes, 2.000 empresas emergentes, 1.000 inversionistas: este a√±o, la cumbre Web Summit¬†en Lisboa espera unos 70.000 participantes;¬†tantos como en los mejores tiempos pre-pand√©micos.",Valencia,es
2022-10-31 21:47:25+00:00,https://twitter.com/Michael98138682/status/1587199589345550337,Michael98138682,"@MaxBlumenthal @Cirincione Bunch of hypocrites üôÑ I am glad I'm no longer a ""democrat"" shame on Them all/ the web summit &amp; everyone funding/supporting and #whitewashing #Nacis keep telling us the #Truth #grayzone as they call it ""the American ppl"" is taking notes &amp; can notbe fool forever #bidengenocide sos",,en
2022-10-31 21:42:01+00:00,https://twitter.com/melbourne_ted/status/1587198228587433984,melbourne_ted,Web Summit BANS Grayzone Journalists For Ukraine Truth Telling! https://t.co/4SiBgU1Frw via @YouTube,,en
2022-10-31 21:40:31+00:00,https://twitter.com/ECO_PT/status/1587197853591605248,ECO_PT,"Na visita √† Web Summit, Ant√≥nio Costa destaca a ‚Äúnova oportunidade‚Äù do Brasil https://t.co/Zrp7KbhN9L",Portugal,pt
2022-10-31 21:25:02+00:00,https://twitter.com/postaldoalgarve/status/1587193956760424448,postaldoalgarve,"Web Summit: o admir√°vel mundo novo do Metaverso ao alcance das empresas: Metaverso, realidade aumentada e virtual, blockchain , 5G. Estes s√£o alguns dos conceitos-chave que as empresas n√£o podem perder de vista nos dias de hoje e que estar√£o em debate na‚Ä¶ https://t.co/dj8RkQpQsI","Algarve, Portugal",pt
2022-10-31 21:22:03+00:00,https://twitter.com/sincopecas/status/1587193205359099904,sincopecas,"Web Summit 2022 ter√° cobertura di√°ria com an√°lise exclusiva das principais tend√™ncias do evento

Leia no Portal da Autope√ßa

https://t.co/F62ToAa39x",S√£o Paulo,pt
2022-10-31 21:14:00+00:00,https://twitter.com/manoj_thakur91/status/1587191180743286786,manoj_thakur91,"V Network by Creators, Streemfire, Introduces Programmatic Video Advertising Service at Web Summit 2022 https://t.co/cyM8moKBTQ","Mohali, India",en
2022-10-31 21:12:53+00:00,https://twitter.com/sebrae/status/1587190899376902146,sebrae,"Neste ano, as startups brasileiras integraram a miss√£o internacional com apoio t√©cnico do Sebrae, sendo que 50 startups est√£o expondo durante o Web Summit 2022. Acompanhe a cobertura do evento na Ag√™ncia Sebrae de Not√≠cias (ASN) https://t.co/K1aMq43wgO",,pt
2022-10-31 21:12:43+00:00,https://twitter.com/sebrae/status/1587190857047982083,sebrae,"No √∫ltimo s√°bado (29), 70 startups brasileiras desembarcaram em Lisboa para uma miss√£o de internacionaliza√ß√£o, com participa√ß√£o no Web Summit 2022, um dos maiores eventos de inova√ß√£o do mundo. https://t.co/tuTHYstUAI",,pt
2022-10-31 21:08:34+00:00,https://twitter.com/_joao_carvalho/status/1587189813173800960,_joao_carvalho,"@FilipeBGuerra N√£o me parece que a programa√ß√£o do Web Summit seja da al√ßada do governo, mas da empresa que o organiza.",Universe,pt
2022-10-31 21:08:26+00:00,https://twitter.com/ApexBrasil_en/status/1587189777304064005,ApexBrasil_en,"We are eager to start our participation at Web Summit 2022. Our mission has already started with activities for our delegation in Portugal. Brazil's innovative potential is moving forward, as our business with european and global partners.  #TechBrazil https://t.co/bbVBKdea02","Bras√≠lia, Brasil",en
2022-10-31 21:07:47+00:00,https://twitter.com/Lilijornal/status/1587189615152304128,Lilijornal,"A melhor plataforma de gest√£o no maior evento tech do mundo! Um grande encontro, um evento √∫nico! #Sults #websummit Web Summit https://t.co/1dLyBvDXYu",Portugal ,pt
2022-10-31 21:07:21+00:00,https://twitter.com/_joao_carvalho/status/1587189505634832384,_joao_carvalho,"@aaronjmate @MaxBlumenthal Web Summit sucks, anyway.",Universe,en
2022-10-31 21:00:42+00:00,https://twitter.com/FilipeBGuerra/status/1587187834280198144,FilipeBGuerra,"Hoje fic√°mos a saber que a embaixada da Ucr√¢nia em Lisboa tem uma palavra a dizer no web summit, e que o governo portugu√™s (lol) faz o que lhe mandam. https://t.co/QvncL5EZjB",Portugal,pt
2022-10-31 20:50:08+00:00,https://twitter.com/rumoku/status/1587185174109982721,rumoku,@MaxBlumenthal @WebSummit You can have your own web summit somewhere in Chelyabinsk https://t.co/E9ybsMKGaH,,en
2022-10-31 20:47:12+00:00,https://twitter.com/PaulomorgadoN/status/1587184435107356672,PaulomorgadoN,"&gt;  Microsoft desafia 20 startups, do programa Microsoft for Startups, a brilhar na Web Summit https://t.co/JnY1gg429S https://t.co/qBXshjPggV",,cs
2022-10-31 20:46:43+00:00,https://twitter.com/HermanNarula/status/1587184311702372352,HermanNarula,Greetings from web summit!,London,en
2022-10-31 20:44:02+00:00,https://twitter.com/Netlify/status/1587183638248312832,Netlify,"Web Summit is this week! @biilmann is joining @StackOverflow's CEO @pchandrasekar and NPR‚Äôs @BobbyAllyn on stage to discuss the state of the web, the supply and demand imbalances of tech talent, and more! https://t.co/8RWfhFsXxb https://t.co/ihFamkr1Hw",San Francisco,en
2022-10-31 20:41:25+00:00,https://twitter.com/sailorjoao/status/1587182981504024585,sailorjoao,@NunoGraxinha Web summit,Somewhere Only We Don't Know,en
2022-10-31 20:27:20+00:00,https://twitter.com/_BizWomen/status/1587179434863460353,_BizWomen,"Super excited to be joining 1,000+ investors, 2,000+ startups, 2,500+ journalists and 70,000+ attendees at Web Summit, one of the world‚Äôs biggest and best conferences. #websummit
#bizwomen #websummit2022 #womeninbusiness #business #businesswomen #tech #technology #websummitlisbon https://t.co/3RTGIJw2ij",United Kingdom,en
2022-10-31 20:26:17+00:00,https://twitter.com/ZreenMansha/status/1587179170051784711,ZreenMansha,"Super excited to be joining 1,000+ investors, 2,000+ startups, 2,500+ journalists and 70,000+ attendees at Web Summit, one of the world‚Äôs biggest and best conferences. #websummit
#bizwomen #websummit2022 #womeninbusiness #business #businesswomen #tech #technology #websummitlisbon https://t.co/6fZdNte2nf",United Kingdom,en
2022-10-31 20:13:33+00:00,https://twitter.com/techdergi/status/1587175968308924417,techdergi,"Musixen, Web Summit 2022 PITCH‚Äôte shortlist‚Äôe kalmayƒ± ba≈üardƒ±

üëâDetaylar:https://t.co/rUwRwASeTG

#musixen #spotify #tidal #m√ºzik #≈üarkƒ± #teknoloji #uygulama #teknolojihaberleri #tech #startup #websummit #websummit2022 #pitch #tech https://t.co/FuIrqT7pJZ","ƒ∞stanbul, T√ºrkiye",tr
2022-10-31 19:59:36+00:00,https://twitter.com/dominicannewsn/status/1587172457403895813,dominicannewsn,"""Portugal es el alumno estrella"", el ""n√∫mero uno"" en impulso tecnol√≥gico, asegura a EFE Paddy Cosgrave, cofundador del congreso Web Summit, en un momento en el que Lisboa es la ciudad ""m√°s vibrante"" entre las capitales tecnol√≥gicas y ha dejado atr√°s a competidoras como Madrid. https://t.co/2DpsSTdca4",Dominican Republic,es
2022-10-31 19:58:43+00:00,https://twitter.com/cbwritescopy/status/1587172232400453637,cbwritescopy,"24 hours of travel ahead on the way to Web Summit

Ask me anythingüëáüëá","Tampa, FL",en
2022-10-31 19:51:54+00:00,https://twitter.com/_ScottCondron/status/1587170517689270273,_ScottCondron,"Landed in Lisbon for @WebSummit üëå

Anyone from ML Twitter here? hmu if you want to have a chat
I‚Äôll be wearing a @weights_biases t-shirt and cap all week - DMs on the Web Summit app are open üòÑ
#WebSummit https://t.co/VuTpvNKViX","Dublin, Ireland",en
2022-10-31 19:46:41+00:00,https://twitter.com/observadorpt/status/1587169207514386433,observadorpt,As 12 confer√™ncias da Web Summit que n√£o queremos perder (por bons e maus motivos) https://t.co/XJagJ1SWih,Portugal,pt
2022-10-31 19:39:50+00:00,https://twitter.com/observadorpt/status/1587167481806094336,observadorpt,Tr√¢nsito condicionado em Lisboa devido √† Web Summit no Parque das Na√ß√µes https://t.co/eAyT4bNNgI,Portugal,pt
2022-10-31 19:38:17+00:00,https://twitter.com/TeKSapo/status/1587167093619032064,TeKSapo,Opini√£o:¬†Os novos desafios da Web Summit https://t.co/3biLwCddGR,Portugal,pt
2022-10-31 19:38:17+00:00,https://twitter.com/TeKSapo/status/1587167092000055296,TeKSapo,Web Summit 2022: 18 oradores que n√£o deve perder durante a cimeira tecnol√≥gica https://t.co/fsm85TZEE2,Portugal,pt
2022-10-31 19:17:59+00:00,https://twitter.com/robbrown/status/1587161982884581376,robbrown,"In theory, I‚Äôm in Lisbon for Web Summit, in practice it‚Äôs to see Wolf Alice.",Manchester and Occitanie.,en
2022-10-31 19:15:12+00:00,https://twitter.com/PiNetworkFrance/status/1587161282666713089,PiNetworkFrance,Web Summit de Lisbonne: les cryptos au c≈ìur des d√©bats de la grand-messe europ√©enne de la tech https://t.co/8A6XTAdCwq,France,fr
2022-10-31 19:01:43+00:00,https://twitter.com/TECHNATIONca/status/1587157889990656000,TECHNATIONca,We are pleased to be hosting our 3rd trade mission to Web Summit 2022...8 diverse member companies from across Canada: EGI Inc. @FundMoreAI @Intellimediaca learnlabai(@preprme) @Saltmedia_ca @SkyHiveAI @StartupFuel &amp; @VersatilBPI https://t.co/KTwsTjtOhS,,en
2022-10-31 18:59:12+00:00,https://twitter.com/SultryRobin/status/1587157255744417792,SultryRobin,Web Summit BANS Grayzone Journalists For Ukraine Truth Telling! https://t.co/b245uWnabe via @YouTube,Moscow Russia,en
2022-10-31 18:45:44+00:00,https://twitter.com/deliverdotmedia/status/1587153866755346438,deliverdotmedia,"We are glad to announce that we are attending Web Summit 2022.
Come and see us at our BETA Booth ü•≥üéâ

#websummit #websummit2022 #lisbon #websummitlisbon #portugalüáµüáπ #startup #switzerlandüá®üá≠#startupswitzerland https://t.co/X6rwbfTFWS",,en
2022-10-31 18:42:45+00:00,https://twitter.com/Victoria_AGago/status/1587153116931276800,Victoria_AGago,"Web Summit calling üáµüáπ

Cc @danielsalmeronm https://t.co/uryesg19VO",Blockchain ,en
2022-10-31 18:35:46+00:00,https://twitter.com/bitcashier/status/1587151358150381568,bitcashier,See you at the Web Summit in Lisbon! We are excited to be attending ‚Äúthe world‚Äôs premier tech conference‚Äù at the Altice Arena &amp; Fil on 1-4 November #websummit2022 #websummit #lisbon #tech #bitcashier https://t.co/I0KObnt08n,London & Vilnius,en
2022-10-31 18:33:13+00:00,https://twitter.com/GeralEconomia/status/1587150717936082944,GeralEconomia,"SGEconomia presente na Web Summit 2022: 4 de novembro, painel ‚ÄúCybersecurity for Startups and Innovation"", no palco da Startup Portugal https://t.co/hPdrKxkNht","Av. da Rep√∫blica, 79 -  Lisboa",en
2022-10-31 18:29:45+00:00,https://twitter.com/funnpen4u/status/1587149844023492610,funnpen4u,"ÈáåÊñØÊú¨Ê≠§Ë°åÁúüÊ≠£ÁöÑÁõÆÁöÑÔºåWeb SummitÊô∫Á¢≥Èèà‰æÜ‰∫ÜÂñî‚ãØÁßëÊäÄÂ±ïÊúÉÊòéÂ§©Ê≠£ÂºèÂïüÂãï(-_^)
#Carbcoin #Youuxi #Êô∫Á¢≥Èèà #Á¢≥‰∏≠Âíå #carboncredit
https://t.co/Yn9s6vocxX https://t.co/kS1gPTz9kI","San Jose, CA",zh
2022-10-31 18:20:28+00:00,https://twitter.com/checkyourfuel/status/1587147507641245697,checkyourfuel,"My flight earlier today. I‚Äôm in Lisbon for the Web Summit now. It‚Äôs going to be intense! 

I‚Äôm super excited to meet with folks from the Everything Marketplaces, MarketFinance, SeedLegals and Partnership Leaders communities, plus several investors and mou‚Ä¶https://t.co/AmVc4ZDUMl","Hackney, London",en
2022-10-31 18:20:25+00:00,https://twitter.com/jdrumgoole/status/1587147495443939331,jdrumgoole,"This week I will mostly be at the Web Summit. If you are going I would love to catch up with you. @mongodb has a stand, swing by, there is sure to be swag :-) #WebSummit2022 #mongodb https://t.co/1xpFxedsOa",Dublin,en
2022-10-31 18:16:50+00:00,https://twitter.com/primalxsouls/status/1587146592569761794,primalxsouls,viver na linha vermelha durante o web summit e insuport√°vel,Lisbon,pt
2022-10-31 18:15:12+00:00,https://twitter.com/PiNetworkFrance/status/1587146181637210112,PiNetworkFrance,Web Summit de Lisbonne: les cryptos au c≈ìur des d√©bats de la grand-messe europ√©enne de la tech https://t.co/8A6XTAdCwq,France,fr
2022-10-31 18:13:20+00:00,https://twitter.com/FredHaris001/status/1587145714941001728,FredHaris001,"This time in Lisbon, Portugal! Web Summit which has been described as ‚ÄòThe world‚Äôs premier tech conference‚Äô.
https://t.co/7xL0qeh8Jr

#SVS #XRPL $SVS #GivingToServices #SVSToken #Defi #Web3 #NFTs https://t.co/C87thu0aIB","Rivers, Nigeria",en
2022-10-31 18:11:20+00:00,https://twitter.com/expresso/status/1587145209552543744,expresso,"Metaverso, realidade aumentada e virtual, blockchain  , 5G. Estes s√£o alguns dos conceitos-chave que as empresas n√£o podem perder de vista nos dias de hoje e que estar√£o em debate na Web Summit, num ciclo de confer√™ncias organizado pela Accenture, ... https://t.co/wjT9veckKZ","Lisboa, Portugal",pt
2022-10-31 18:10:56+00:00,https://twitter.com/HarryWa001/status/1587145107949686787,HarryWa001,"will see the team hear from the likes of CZ at Binance, The CEO of Revolut, The Co-founder of Tezos, CEO of OpenSea and the Head of Product at Meta to name a few at the Web Summit.
https://t.co/E7V9yKqTMy

#SVS #XRPL $SVS #GivingToServices #SVSToken #Defi #Web3 #NFTs https://t.co/251FvKqwIk",,en
2022-10-31 18:08:23+00:00,https://twitter.com/SamuelJack5914/status/1587144466024091648,SamuelJack5914,"Web Summit which has been described as ‚ÄòThe world‚Äôs premier tech conference‚Äô¬†.

https://t.co/6f8yco9El0

#SVS #XRPL $SVS #GivingToServices #SVSToken #Defi #Web3 #NFTs https://t.co/QaIhlc5Hvy","Rivers, Nigeria",en
2022-10-31 18:03:43+00:00,https://twitter.com/AO_Online/status/1587143292034371584,AO_Online,Tr√¢nsito condicionado em Lisboa devido √† Web Summit no Parque das Na√ß√µes https://t.co/68K8URAqQD,S√£o Miguel - A√ßores,pt
2022-10-31 18:01:00+00:00,https://twitter.com/AAproveitem/status/1587142609046327301,AAproveitem,"01/11 - 04/11 WEB SUMMIT LISBOA
https://t.co/7rwsEDxBqZ https://t.co/I5BG27AYxf",,en
2022-10-31 18:00:48+00:00,https://twitter.com/GreedyGameMedia/status/1587142557967872001,GreedyGameMedia,"Set to thrive at Web Summit 2022! Time to unleash a power-packed discussion on how app publishers and advertisers can scale their app business and achieve sustainable growth. Our team will be waiting for you guys at stand no- A816, Don't forget to catch up!

#WebSummit2022 https://t.co/obu2lJqm4n","Bengaluru, India",en
2022-10-31 17:59:51+00:00,https://twitter.com/gpcusani/status/1587142318888558592,gpcusani,"@wyattreed13 @TheGrayzoneNews Should make clear what is appalling is not just the intervention of the Ukraine regime, is more Web Summit caving in to it...",solopaca,en
2022-10-31 17:51:10+00:00,https://twitter.com/wyattreed13/status/1587140133660131328,wyattreed13,Was Web Summit forced to cancel @TheGrayzoneNews following direct intervention by the Ukrainian regime? Sure looks that way https://t.co/yCFrnrZCgA,"Washington, DC",en
2022-10-31 17:49:44+00:00,https://twitter.com/mikmiro/status/1587139776033038337,mikmiro,"I am excited to be at Web Summit Lisbon this week! Visit our booth on November 2, B107, Pavilion 1 where we will be exhibiting all our products and games including the newest quest IKTP. Happy to meet in-person too: https://t.co/3bownOYqCt https://t.co/FRGD6I2Opc",Amsterdam,en
2022-10-31 17:49:06+00:00,https://twitter.com/uptecporto/status/1587139613121994754,uptecporto,"üì∞üì∞Joana Resende, Presidente da @uptecporto, esteve no Countdown to Web Summit do @dntwit a partilhar o enorme potencial que a academia pode ter na dinamiza√ß√£o de ecossistemas empreendedores de sucesso.
https://t.co/fANhpMApgZ",Portugal,pt
2022-10-31 17:46:32+00:00,https://twitter.com/IAPMEI/status/1587138969095077895,IAPMEI,"De 1 e 4 de novembro, milhares de empreendedores, representantes de empresas e start-ups e outros interessados v√£o acorrer √† FIL e √† Altice Arena para mais uma edi√ß√£o da Web Summit - e o IAPMEI
volta a marcar presen√ßa!

Para mais informa√ß√µes siga o link: https://t.co/t7Er0eVmGY https://t.co/pAx20YnIzg",Portugal,pt
2022-10-31 17:38:52+00:00,https://twitter.com/tamarasteffens/status/1587137040600256513,tamarasteffens,"Packing my bags and headed to @WebSummit in Lisbon! 

Web Summit is ALWAYS informative. The speaker list is second-to-none and the events are fantastic. https://t.co/wXL4tpWaPB","Dallas, TX",en
2022-10-31 17:36:51+00:00,https://twitter.com/yvesnguerif/status/1587136530589618176,yvesnguerif,Web Summit de Lisbonne: les cryptos au c≈ìur des d√©bats de la grand-messe europ√©enne de la tech https://t.co/sy1WtF1bJC via @bfmbusiness,"Nantes, France",fr
2022-10-31 17:29:59+00:00,https://twitter.com/KPMGBRASIL/status/1587134804725829645,KPMGBRASIL,"O Web Summit √© um encontro anual que acontece em Lisboa e une investidores, facilita novos neg√≥cios e dita as pr√≥ximas tend√™ncias tecnol√≥gicas no mundo.

Confira as principais novidades e destaques desse evento na live ‚ÄúKPMG Insights e Oportunidades‚Äù: https://t.co/94W3U6Q43L. https://t.co/hUAFMFHFNQ",Brasil,pt
2022-10-31 17:27:12+00:00,https://twitter.com/REmpreende/status/1587134102263590913,REmpreende,"Carlos Rios, CTO do Hurb, participa do Web Summit com palestra sobre o uso de novas tecnologias no setor do¬†turismo https://t.co/tpsgBuJr4n","Ribeir√£o Preto, Brasil",pt
2022-10-31 17:20:53+00:00,https://twitter.com/helennianias/status/1587132515470479361,helennianias,"if you are in Lisbon for Web Summit, Matt would like to connect with you on LinkedIn https://t.co/EONxBPEJmi",London,en
2022-10-31 17:19:58+00:00,https://twitter.com/EdelmanPR/status/1587132283949129729,EdelmanPR,"What happens when gen Z enters the C-suite? The world‚Äôs first ZEO, fluid fashion icon Harris Reed and our Chief Brand Officer, Jackie Cooper explore the topic at the 2022 Web Summit. Tune in this Wednesday, Nov 2: https://t.co/yaTZpXk2QH",Global,en
2022-10-31 17:17:28+00:00,https://twitter.com/Daniel_Kyne/status/1587131653830459394,Daniel_Kyne,@RichardMForde I wish ‚Äî not able to make it to Web Summit this year unfortunately,"Essays, Newsletter, Socials ‚Üí",en
2022-10-31 17:15:33+00:00,https://twitter.com/Investortalks_/status/1587131170910863369,Investortalks_,"Ready to listen to @JuanMLSanta in @investinmadrid's masterclass @WebSummit ? The role of #VCs in the innovative ecosystem of @ComunidadMadrid 
üóìÔ∏èThursday 3rd November 2022 
üïô10:00
üìçWeb Summit Lisbon
Register now ‚úçÔ∏è https://t.co/XIrLRDpCnX #Madrid #investement #startups https://t.co/2pAJg44m8Y",Madrid (Espa√±a),en
2022-10-31 17:15:12+00:00,https://twitter.com/PiNetworkFrance/status/1587131083161640960,PiNetworkFrance,Web Summit de Lisbonne: les cryptos au c≈ìur des d√©bats de la grand-messe europ√©enne de la tech https://t.co/8A6XTzVtii,France,fr
2022-10-31 17:12:03+00:00,https://twitter.com/fof_portugal/status/1587130289377222657,fof_portugal,"NOV 2 | In-Person, Lisbon | Web Summit Edition
https://t.co/lvRUw3SBiK",Portugal,en
2022-10-31 17:09:43+00:00,https://twitter.com/tokapi_official/status/1587129705093910528,tokapi_official,"It's a full week!

Web Summit 22 ‚Üí 1-4 November Lisbon | Visit our booth on Wednesday | Pav 4, Stand A621

WOW Summit ‚Üí 1-3 November LX | We're part of the pitch competition!

NFT London 22 ‚Üí 3-4 November London | Daniel Lenikus, Co-Founder of Tokapi, will speak on a panel https://t.co/mZzkXfzXqT","Lisbon, Portugal",en
2022-10-31 17:08:34+00:00,https://twitter.com/matthewchampion/status/1587129414655115265,matthewchampion,earnest tweet alert: very excited to be in Lisbon this week for Web Summit. please shout if you're there and want to connect,London,en
2022-10-31 17:03:33+00:00,https://twitter.com/DiariodoDistrit/status/1587128152907808771,DiariodoDistrit,Web Summit: Lisboa j√° tem tr√¢nsito condicionado https://t.co/zCY78Jo4oQ,Portugal,pt
2022-10-31 17:03:33+00:00,https://twitter.com/briefingpt/status/1587128150483689472,briefingpt,A JCDecaux vai √† Web Summit https://t.co/xpJ7Gl6sM9,Portugal,fr
2022-10-31 17:00:35+00:00,https://twitter.com/miiglers/status/1587127406992756736,miiglers,"Web Summit is almost here, catch us at Stand A322 on the 2nd November in Lisbon.

In the meantime, let's play 'This or That'!ü§î 

In the comments, let us know which one you would rather buy? 

#thisorthat #Sustainability #causedriven https://t.co/Jf5fonI4an",Los Angeles & London,en
2022-10-31 17:00:31+00:00,https://twitter.com/Renascenca/status/1587127389246705665,Renascenca,Tr√¢nsito condicionado em Lisboa devido √† Web Summit https://t.co/bARXk9NUdS,,pt
2022-10-31 17:00:00+00:00,https://twitter.com/cerebra_tec/status/1587127258925305856,cerebra_tec,"Do you know what tomorrow is?
Yes! the first day of Web Summit 2022! 

We're so excited to meet you guys üòÄ

https://t.co/irdRacIvsS

@Websummit 
#websummit2022 #websummit  #Cerebra","Riyadh, Saudi Arabia",en
2022-10-31 16:55:43+00:00,https://twitter.com/Renascenca/status/1587126178967584769,Renascenca,"Carris, Metro de Lisboa e CP com passe especial para a Web Summit https://t.co/pdlqyEYZJS",,pt
2022-10-31 16:55:11+00:00,https://twitter.com/Hannes7707/status/1587126046578581512,Hannes7707,Web Summit BANS Grayzone Journalists For Ukraine Truth Telling! https://t.co/eocT4IuWDt via @YouTube,,en
2022-10-31 16:51:45+00:00,https://twitter.com/Shu_Yera/status/1587125183558582273,Shu_Yera,Got my web summit credentials help,üáµüáπ,en
2022-10-31 16:50:52+00:00,https://twitter.com/RevistaBzzz/status/1587124959075307525,RevistaBzzz,"‚úàÔ∏è Startup potiguar selecionada para a Web Summit 2022 planeja expandir atua√ß√£o para a Europa
https://t.co/kWOFHzgJlO",,pt
2022-10-31 16:48:09+00:00,https://twitter.com/dntwit/status/1587124276687425537,dntwit,Tr√¢nsito condicionado em Lisboa devido √† Web Summit https://t.co/kHjVGGp7yR,Lisboa,pt
2022-10-31 16:45:01+00:00,https://twitter.com/Serginho_M/status/1587123485884694535,Serginho_M,Alojamento Local: Web Summit faz disparar pre√ßos e... https://t.co/FafOcI2gAL,"Porto, Portugal",pt
2022-10-31 16:43:31+00:00,https://twitter.com/skurtbtc/status/1587123109987254272,skurtbtc,Anyone with tickets to web summit in Lisbon this week?,,en
2022-10-31 16:41:36+00:00,https://twitter.com/cbwritescopy/status/1587122628401238017,cbwritescopy,"Heading to Lisbon later today for Web Summit, couldn‚Äôt be more excited","Tampa, FL",en
2022-10-31 16:41:00+00:00,https://twitter.com/observadorpt/status/1587122478748520448,observadorpt,"E v√£o sete. De Sophia ao metaverso, como os temas e oradores da Web Summit mudaram ao sabor das tend√™ncias https://t.co/z4cGAuUZKy",Portugal,pt
2022-10-31 16:39:14+00:00,https://twitter.com/METACITZN/status/1587122031761448960,METACITZN,"We‚Äôre excited to announce a new partnership with @OphirStudio at the Lisbon Web Summit today!!

We will be teaming up with Ophir to expand our production services! More info coming soon. If you‚Äôre in Lisbon for the event come say hi!

More on Ophir:
https://t.co/fzWglKK69I https://t.co/Ho9U4rgAes",,en
2022-10-31 16:31:41+00:00,https://twitter.com/mrd0bi/status/1587120130877800451,mrd0bi,"Arrived for the web summit, where are you @cz_binance",,en
2022-10-31 16:28:34+00:00,https://twitter.com/Cleeeese/status/1587119350187978753,Cleeeese,Tr√¢nsito condicionado em Lisboa devido √† Web Summit no Parque das Na√ß√µes https://t.co/qWyZTzZeqw https://t.co/PhslOv51xK,,pt
2022-10-31 16:25:27+00:00,https://twitter.com/WOFTAM444/status/1587118563017490439,WOFTAM444,"@paddycosgrave @sinnfeinireland funny coming from a guy, paddy, who uses tax shelters to avoid tax, moved the web summit because of  the same reason O'leary has said, he does not like a political party.",,en
2022-10-31 16:24:22+00:00,https://twitter.com/mccullaghniall/status/1587118290110976001,mccullaghniall,@paddycosgrave Well done Padraig. Will you throw that legion of unpaid volunteers you have working for you a few ‚Ç¨ now? Internship with web summit may not be quite the CV enhancer it once was given your fondness for platforming war crimes apologists.,"Ballycarn, Enfield, Co Meath",en
2022-10-31 16:21:39+00:00,https://twitter.com/ECO_PT/status/1587117608083546113,ECO_PT,"Carris, Metro de Lisboa e CP com passe especial para o Web Summit https://t.co/nz8ysrB83u",Portugal,pt
2022-10-31 16:21:34+00:00,https://twitter.com/DigestExecutive/status/1587117588374777857,DigestExecutive,Galp marca presen√ßa na Web Summit: Empresa vai promover inova√ß√£o aplicada √† transi√ß√£o energ√©tica https://t.co/DhigEvwvVT,,pt
2022-10-31 16:19:58+00:00,https://twitter.com/DamsTweets/status/1587117184848986113,DamsTweets,@chernikovalexey Yes thats Web Summit for u.,"Berlin, Germany",en
2022-10-31 16:16:38+00:00,https://twitter.com/theportugalnews/status/1587116345719750656,theportugalnews,"Parque das Na√ß√µes and Baixa are the areas where prices have risen the most on the days of the Web summit, where there are apartments costing up to ‚Ç¨500 per night. 
#lisbon #WebSummit2022 #portugal #portugalnews
https://t.co/LasJPTmeFd",Portugal,en
2022-10-31 16:16:18+00:00,https://twitter.com/24sapo/status/1587116260587872258,24sapo,"Carris, Metro de Lisboa e CP com passe especial para o Web Summit. #Sapo24
https://t.co/PmndeFo7sA",,pt
2022-10-31 16:15:06+00:00,https://twitter.com/paddycosgrave/status/1587115960032428032,paddycosgrave,"Web Summit doesn‚Äôt start until tomorrow evening, but somehow over 11,000 people already have their badges and wristbands. Early registration is off the charts!!! Lisbon is going to be packed to the rafters.",Earth,en
2022-10-31 16:14:36+00:00,https://twitter.com/donalilian/status/1587115831208574976,donalilian,"Essa semana ela viu que eu estava no app do web summit, me adicionou e mandou mensagem com ‚Äúnossa, saudades, que bom que voc√™ vai, a gente podia tomar uma cerveja‚Äù. 

S√≥ rindo das falsiane.","Lisbon, Portugal",pt
2022-10-31 16:12:59+00:00,https://twitter.com/donalilian/status/1587115428119285761,donalilian,O Web Summit come√ßa amanh√£ e eu to como? https://t.co/xNgE5igWAw,"Lisbon, Portugal",pt
2022-10-31 16:11:21+00:00,https://twitter.com/IntelIgnite/status/1587115016062472200,IntelIgnite,"Only 2 more days until Web Summit 2022!
But who's counting anyway... üëÄ We‚Äôre almost ready!

 #WebSummit2022 #LISBON #WebSummitLISBON https://t.co/WQte4i5QdF","Santa Clara, CA",en
2022-10-31 16:00:39+00:00,https://twitter.com/dlysearchtrends/status/1587112321578668033,dlysearchtrends,"Top 10 searches in Portugal üáµüáπ

1Ô∏è‚É£ Sic noticias
2Ô∏è‚É£ Web Summit
3Ô∏è‚É£ Erasmo Carlos
4Ô∏è‚É£ Web Summit 2022
5Ô∏è‚É£ Pao por Deus
6Ô∏è‚É£ Arlequina
7Ô∏è‚É£ Tarcisio
8Ô∏è‚É£ Porto  Atl√©tico Madrid
9Ô∏è‚É£ Fenerbahce
üîü Greve 2 Novembro",,en
2022-10-31 15:58:53+00:00,https://twitter.com/ape6743/status/1587111879259918341,ape6743,Any Web Summit side events worth going to? Hit me up if you‚Äôre around and want to hang out btw.,BAYC,en
2022-10-31 15:58:19+00:00,https://twitter.com/The_lady_lola/status/1587111736011890689,The_lady_lola,Algu√©m tem 2 bilhetes para a web summit pff??,"Lisboa, Portugal",pt
2022-10-31 15:43:56+00:00,https://twitter.com/Mdiac_/status/1587108114314182664,Mdiac_,I‚Äôve made the rogue decision to attend Web Summit in Lisbon while the NFT world comes to London - anyone else at WS this week?,,en
2022-10-31 15:43:40+00:00,https://twitter.com/SilvermanJacob/status/1587108050330165248,SilvermanJacob,"I'm going to Lisbon for Web Summit on Wednesday. If you'd like to say hello or give me a suspicious thumb drive of unknown provenance, let me know.",NYC,en
2022-10-31 15:38:56+00:00,https://twitter.com/paninebaluy/status/1587106859382702081,paninebaluy,"–º–µ–Ω—ñ –∑–¥–∞—î—Ç—å—Å—è, —É—Å—ñ –∑–∞–ø–∞–º‚Äô—è—Ç–∞—é—Ç—å —Ü—å–æ–≥–æ—Ä—ñ—á–Ω–∏–π Web Summit.
–π–æ–≥–æ –æ—Ñ—ñ—Ü—ñ–π–Ω–∏–º –ø–µ—Ä–µ–≤—ñ–∑–Ω–∏–∫–æ–º —Å—Ç–∞–≤ TAP, —â–æ –≤—ñ–¥–º—ñ–Ω–∏–≤ —É–∂–µ –¥—Ä—É–≥–∏–π —Ä–µ–π—Å –º–æ—ó—Ö –¥—Ä—É–∑—ñ–≤ —ñ–∑ –õ–æ–Ω–¥–æ–Ω—É, –≤–∏—á–µ—Ä–ø–∞–≤—à–∏ –≤—Å—ñ —ó—Ö –∑–∞–ø–∞—Å–∏ –≥—Ä–æ—à–µ–π.
—Ç–∞–∫ —à–æ —è —Ç—É–¥–∏ —ó–¥—É –æ–¥–Ω–∞, –ø–ª–∞–Ω—É—é—á–∏ –∫—Ä–∏—á–∞—Ç–∏ ‚ÄúBOOOO‚Äù –Ω–∞ –≤–∏—Å—Ç—É–ø—ñ —ó—Ö –¥–∏—Ä–µ–∫—Ç–æ—Ä–∫–∏, –±–æ –∫–∞–º–æ–Ω","Porto, Portugal",uk
2022-10-31 15:30:34+00:00,https://twitter.com/GrupoBOMDIA/status/1587104750658387968,GrupoBOMDIA,Web Summit faz disparar pre√ßos do Alojamento Local lisboeta https://t.co/uXGGIbAovU,Europe,pt
2022-10-31 15:29:27+00:00,https://twitter.com/KathChristensen/status/1587104471230078978,KathChristensen,Controversy at Web Summit in Lisbon #WebSummit2022 https://t.co/gIDpSM8WGu,"Tacoma, Wa",en
2022-10-31 15:27:11+00:00,https://twitter.com/ineewspress/status/1587103900284461056,ineewspress,"Microsoft is back at the Web Summit, the world's largest technology summit.

https://t.co/o9uI2435TD https://t.co/Clm2jtCnI8",Lisbon,en
2022-10-31 15:23:51+00:00,https://twitter.com/ineewspress/status/1587103061285257220,ineewspress,"A Microsoft est√° de volta √† Web Summit, a maior cimeira tecnol√≥gica a n√≠vel mundial. Al√©m do regresso de Brad Smith, presidente da tecnol√≥gica, ao palco principal, a Microsoft ir√° associar-se a v√°riasiniciativas da cimeira e apoiar 20 startups #lisboa

https://t.co/o9uI2435TD https://t.co/5ZwDukfDqt",Lisbon,pt
2022-10-31 15:23:23+00:00,https://twitter.com/donnchaoe/status/1587102944213843969,donnchaoe,@paddycosgrave @sinnfeinireland Will @paddycosgrave commit to moving Web Summit back to Ireland if Sinn F√©in get into government here?,Cork,en
2022-10-31 15:20:32+00:00,https://twitter.com/FundoAbutre/status/1587102228690731010,FundoAbutre,@ZulficarSilva3 O que √© a web summit?,Eurasia,pt
2022-10-31 15:17:13+00:00,https://twitter.com/PSPCOMETLIS/status/1587101392157769729,PSPCOMETLIS,"Lisboa √© mais uma vez palco da maior confer√™ncia de empreendedorismo, tecnologia e inova√ß√£o da Europa, Web Summit, de 1 a 4 de novembro.

O evento vai decorrer nas instala√ß√µes da FIL - Feira Internacional de Lisboa e do Altice Arena, em Lisboa.
@WebSummit 
#WebSummit https://t.co/6fhcgasnPS",Lisboa - Portugal,pt
2022-10-31 15:16:33+00:00,https://twitter.com/DigestExecutive/status/1587101222942965760,DigestExecutive,Web Summit 2022: Microsoft d√° palco a startups nacionais e internacionais https://t.co/6W9reJxUh0,,pt
2022-10-31 15:14:05+00:00,https://twitter.com/LexiKJuridiK/status/1587100605365059585,LexiKJuridiK,Web Summit de #Lisbonne: les #cryptos au c≈ìur des d√©bats de la grand-messe europ√©enne de la tech https://t.co/kN3NdjECU1 https://t.co/wmSl3uNaEf,,fr
2022-10-31 15:12:38+00:00,https://twitter.com/IN10/status/1587100240628404224,IN10,Web Summit time! Off to Lisbon to participate in Europe's leading tech event. ‚ö° Can‚Äôt make up your mind what talks or panels to attend? Check our 5 picks from the schedule. Are you joining the WebSummit in Lisbon too? Slide in our DM &amp; let's meet up! ‚úåÔ∏è https://t.co/ugzyFRNvik,Rotterdam,en
2022-10-31 15:10:02+00:00,https://twitter.com/noticiaaominuto/status/1587099583682953216,noticiaaominuto,"Web Summit: Carris, Metro de Lisboa e CP com passe especial para o evento https://t.co/0WGQKXnmyi #economiaaominuto",Portugal,pt
2022-10-31 15:09:36+00:00,https://twitter.com/raoufrahiche/status/1587099473955676161,raoufrahiche,"A mini Europe trip before web summit 
#Athens https://t.co/eelEPdDpAZ",ÿßŸÑÿ¨ÿ≤ÿßÿ¶ÿ±,en
2022-10-31 15:07:36+00:00,https://twitter.com/CodeNowCom/status/1587098973810167809,CodeNowCom,"We‚Äôre so excited to announce that CodeNOW will participate at ‚ÄúLisbon‚Äôs Tech Fest‚Äù this November 1-4 as part of the Web Summit startup program! We can‚Äôt wait to connect. üîó

#codenow #websummit #lisbon #techfest #techconference #startup #technology #cloudnative https://t.co/EOGEu6S012",Prague,en
2022-10-31 15:05:10+00:00,https://twitter.com/inrupt/status/1587098361882202112,inrupt,"We released our October newsletter today, focusing on our collaboration with the BBC and upcoming appearance at Web Summit.

Want to keep up with Inrupt‚Äôs latest news? Sign up for future editions of our newsletter here: https://t.co/8YE1BS5Ixk

https://t.co/WQBXdJ3qe5","Massachusetts, USA",en
2022-10-31 15:03:19+00:00,https://twitter.com/RaenestHQ/status/1587097895324598273,RaenestHQ,"We'll be at Web Summit in Lisbon, Portugal. üíÉ 

If you're on the ground and would love to see how we're helping Africa's remote workforce talent and global businesses remove the pain around contracting, invoicing, and payments ~ please connect with us at A266 at Pavilion 2. https://t.co/7uq5CeWi77",Remote,en
2022-10-31 15:02:14+00:00,https://twitter.com/LOCgameio/status/1587097621826510851,LOCgameio,"We have our winners for 2 tickets to @WebSummit! ü•≥

Winners will have the chance to meet the RBL Labs (makers of #LOCGame) team in person, play our games in new, unreleased versions and receive gifts. If you too are attending the Web Summit, pass by our booth to meet our team. https://t.co/DsRgl226rV",,en
2022-10-31 15:00:33+00:00,https://twitter.com/startographer/status/1587097198403239937,startographer,How is the web summit app so awful,"Liverpool, England",en
2022-10-31 14:55:52+00:00,https://twitter.com/Limifield_Lda/status/1587096018797092869,Limifield_Lda,"A Microsoft est√° de volta √† Web Summit, a maior cimeira tecnol√≥gica a n√≠vel mundial. Al√©m do regresso de Brad Smith, presidente da tecnol√≥gica, ao palco principal, a Microsoft ir√° associar-se a v√°rias iniciativas da cimeira e apoiar 20 startups... https://t.co/nIbFwydUkP","Trofa, Portugal",pt
2022-10-31 14:53:05+00:00,https://twitter.com/LittleSmasher/status/1587095320152113152,LittleSmasher,How to be a CEO podcast: Web Summit's Paddy Cosgrave on how to do a live event https://t.co/irP2qNXdzb,South of England,en
2022-10-31 14:53:00+00:00,https://twitter.com/drwiktor/status/1587095297846640642,drwiktor,"Web Summit in Lisbon starts tomorrow.
And this year quite big number of delegates from Poland will be there - fingers crossed for great meetings. 
@investpomerania @SoftServeInc @pawellopatka @AntalPolska @TalentAlphaInc",Poland/Warsaw,en
2022-10-31 14:46:49+00:00,https://twitter.com/Livin_Larche/status/1587093743735394306,Livin_Larche,Some of my team are heading to Web Summit and I‚Äôm experiencing intense fomo but whew I needed this break.,"Manchester, England",en
2022-10-31 14:46:09+00:00,https://twitter.com/iszuddin/status/1587093572255465474,iszuddin,Anybody else coming to Web Summit? https://t.co/6z3U4qzNz7,"üá≤üáæ Kuala Lumpur, Malaysia",en
2022-10-31 14:42:50+00:00,https://twitter.com/swapincom/status/1587092738629066752,swapincom,"Warming up for Web Summit 2022! ‚òïÔ∏è

Swapin is on the way to Lisbon tomorrow. ‚úàÔ∏è

Join us on the 2nd of November at the #B222 booth in Pavilion Two of the Web Summit to meet the team &amp; get some free stickers. üôã‚Äç‚ôÇÔ∏è

All tips for good coffee places are most welcome! üòâ

#WebSummit2022 https://t.co/4SSVZ14AWy","Tallinn, Estonia",en
2022-10-31 14:42:41+00:00,https://twitter.com/zaehlerfreunde/status/1587092699890466817,zaehlerfreunde,"Ol√° Lisboa! üáµüáπ üôå

Morgen beginnt der Web Summit in Lissabon und wir freuen uns schon riesig! 
Z√§hlerfreunde ist nat√ºrlich an allen vier Tagen dabei! Kommt vorbei, wir sind am Mittwoch im Pavilion 3 am Stand A516.

At√© breve!

#websummit #startup https://t.co/xmExh1vSjU",M√ºnchen,de
2022-10-31 14:38:23+00:00,https://twitter.com/standardnews/status/1587091619588734978,standardnews,üéßHow to be a CEO podcast: Web Summit‚Äôs Paddy Cosgrave on how to do a live event https://t.co/2WcfZEGJ7u,London,en
2022-10-31 14:28:13+00:00,https://twitter.com/WonderWanny/status/1587089059108749318,WonderWanny,"Pela terceira vez em Portugal s√≥ nesse ano.

Completamente destru√≠da de cansada e amanh√£ come√ßa maratona de Web Summit. ü•≤ https://t.co/1j9AghjFzK","Las Vegas, NV",pt
2022-10-31 14:19:46+00:00,https://twitter.com/Ideia_Comunica/status/1587086933695598592,Ideia_Comunica,√önica startup potiguar selecionada para a Web Summit 2022 planeja expandir atua√ß√£o para a Europa https://t.co/TMSFDnBvKI,Natal/RN,pt
2022-10-31 14:15:32+00:00,https://twitter.com/PiNetworkFrance/status/1587085867591634944,PiNetworkFrance,Web Summit de Lisbonne: les cryptos au c≈ìur des d√©bats de la grand-messe europ√©enne de la tech https://t.co/8A6XTAd4GS,France,fr
2022-10-31 14:14:54+00:00,https://twitter.com/ChallengeServer/status/1587085707767586823,ChallengeServer,"TV Network by Creators, Streemfire, Introduces Programmatic Video Advertising Service at Web Summit¬†2022 https://t.co/nw0InCZg5b",The Internet,en
2022-10-31 14:14:50+00:00,https://twitter.com/seositetool/status/1587085691506262019,seositetool,"TV Network by Creators, Streemfire, Introduces Programmatic Video Advertising Service at Web Summit 2022 TV Network by Creators, Streemfire, Introduces Programmatic Video Advertising Service at Web Summit¬†2022 Content creators earn more ‚Äì Ads... https://t.co/ma9DOLD5ub",Online,en
2022-10-31 14:11:35+00:00,https://twitter.com/EveningStandard/status/1587084875152121858,EveningStandard,üéßHow to be a CEO podcast: Web Summit‚Äôs Paddy Cosgrave on how to do a live event https://t.co/Aqw4gCOnWR,"London, United Kingdom",en
2022-10-31 14:09:40+00:00,https://twitter.com/AnaLiviaJardine/status/1587084391574114304,AnaLiviaJardine,Is anyone here going to Lisbon for Web Summit this week and keen to grab a coffee or a drink?,"London, England",en
2022-10-31 14:09:10+00:00,https://twitter.com/Kelsbels85/status/1587084267347116032,Kelsbels85,Planning to attend Web Summit this year? Expedia Group CTO Rathi Murthy will be joining technology leaders from around the world to discuss organizational transformation and the ways data and technology are revolutionizing the travel industry. #WebSummit https://t.co/rGMUg7QMeh,London,en
2022-10-31 14:09:03+00:00,https://twitter.com/MarTechSeries/status/1587084236946898944,MarTechSeries,"TV Network by Creators, Streemfire, Introduces Programmatic Video Advertising Service at Web Summit 2022 https://t.co/SWueLBIsPC #martech #marketing #Technology #Advertising","Hawthorne, CA",en
2022-10-31 14:08:13+00:00,https://twitter.com/RoyMcNulty3/status/1587084027273646080,RoyMcNulty3,"@aaronjmate @MaxBlumenthal @WebSummit Yes you are allowed to criticize shoes and government may very well praise your support for different shoes
On Web Summit.",,en
2022-10-31 14:06:26+00:00,https://twitter.com/360MarTech/status/1587083577833172993,360MarTech,"TV Network By Creators, Streemfire, Introduces Programmatic Video Advertising Service At Web Summit 2022 Streemfire Logo
@NiklasTrenkler

https://t.co/wK4Mc1DZcZ

#newsmedia #martech #news #marketingtechnology #martech360 #VideoAdvertising",,en
2022-10-31 14:00:31+00:00,https://twitter.com/aaronjmate/status/1587082090071433222,aaronjmate,"According to the (US gov't-funded) Kyiv Independent, Web Summit cancelled me and @MaxBlumenthal's appearance after a letter of protest signed by Ukrainian government officials: https://t.co/2XsX3C11Ul https://t.co/fWWmjg0PxF","Brooklyn, NY",en
2022-10-31 13:58:56+00:00,https://twitter.com/radioguijuelo/status/1587081690484187137,radioguijuelo,"Iberbox participar√° en el congreso tecnol√≥gico Web Summit
 https://t.co/ZGoRpdN1D1 https://t.co/lQzgg258JN",Guijuelo,es
2022-10-31 13:58:28+00:00,https://twitter.com/anujshankar95/status/1587081574461235200,anujshankar95,"Web Summit, Lisbon! üáµüáπ üîú",,en
2022-10-31 13:58:06+00:00,https://twitter.com/VernTheLegend/status/1587081480458551296,VernTheLegend,Who‚Äôs going to Web Summit this week?,"New York, USA",en
2022-10-31 13:57:31+00:00,https://twitter.com/Forbes_Portugal/status/1587081336849833986,Forbes_Portugal,#ForbesPortugal | Web Summit faz disparar pre√ßos de alojamento local em 80% https://t.co/JBUr6J6uLX,"Lisboa, Portugal",pt
2022-10-31 13:56:26+00:00,https://twitter.com/LaStampa/status/1587081064551522307,LaStampa,"Al Web Summit di Lisbona le startup per combattere il cambiamento climatico.
https://t.co/UstHZhZbmr https://t.co/32wNmV1kjB","Torino, Piemonte",it
2022-10-31 13:56:24+00:00,https://twitter.com/ITItalianTech/status/1587081054611017728,ITItalianTech,"Al Web Summit di Lisbona le startup per combattere il cambiamento climatico
https://t.co/5IgRYegtak https://t.co/bChshV1CVh",The Internet,it
2022-10-31 13:46:49+00:00,https://twitter.com/laura_arcade/status/1587078640474509316,laura_arcade,"I am excited to share that I have just landed in Lisbon and will be attending 3 events this week. 

- @TheEuropas ceremony which will be taking place tomorrow and where @Peccala1 is a finalist in the Web3 category ü§©.
- WOW summit on Nov 2.
- Web Summit from Nov 1 to 4. https://t.co/HX9CRvP1w3",,en
2022-10-31 13:44:16+00:00,https://twitter.com/KingEdwords/status/1587077999031193604,KingEdwords,"Who will be at Web Summit?
#WebSummit",,en
2022-10-31 13:41:19+00:00,https://twitter.com/checkyourfuel/status/1587077256328921089,checkyourfuel,"Web Summit bound. It‚Äôs going to be a full and, with some luck, a very productive week. Looking forward to meeting with marketplace and startup founders from the Everything Marketplaces, MarketFinance and SeedLegals communities, plus Partnership Leaders, i‚Ä¶https://t.co/1Ga7nXKWUJ","Hackney, London",en
2022-10-31 13:36:16+00:00,https://twitter.com/portugalnewsFRA/status/1587075985983283202,portugalnewsFRA,Le Web Summit fait grimper les prix de l'h√©bergement de 80 %. https://t.co/7fezgI94a2,Portugal,fr
2022-10-31 13:34:36+00:00,https://twitter.com/ZibraAI/status/1587075567375077377,ZibraAI,"We are excited to announce that this week our Head of Growth, Kostyantyn Tymoschuk, will be speaking about ZibraAI charity NFT initiative Sirens Gallery at the world's biggest tech conference Web Summit. In case you also will be in Lisbon, make sure not to miss it! https://t.co/q7iW3AOJxt","Kyiv, Ukraine",en
2022-10-31 13:34:34+00:00,https://twitter.com/MenosFios/status/1587075558680264709,MenosFios,[No MF] UNITEL leva startups inovadoras ao Web Summit 2022 https://t.co/MpsMOs13iA,"Luanda, Angola",es
2022-10-31 13:33:45+00:00,https://twitter.com/LuaaaRodrigues/status/1587075353054437378,LuaaaRodrigues,north americans during web summit lisbon complaining about the coffee size in europe https://t.co/xfOw9DCIXm,"Lisbon, Portugal",en
2022-10-31 13:31:46+00:00,https://twitter.com/tromczynski/status/1587074853609275393,tromczynski,"This time, Digital First AI is coming to Lisbon for Web Summit, Europe‚Äôs biggest tech conference üî•

If you're here - absolutely make sure to come and say hello at the https://t.co/hEQFxps77t's booth on Wednesday (Pav 5, booth A805).

Who's coming? 

cc P‚Ä¶https://t.co/p7GgDigVNt",Poland,en
2022-10-31 13:24:44+00:00,https://twitter.com/andreaprigio/status/1587073084116303873,andreaprigio,Planning to attend Web Summit this year? Expedia Group CTO Rathi Murthy will be joining technology leaders from around the world to discuss organizational transformation and the ways data and technology are revolutionizing the travel industry. #WebSummit https://t.co/hoWcur367i,"S√£o Paulo, Brasil",en
2022-10-31 13:22:33+00:00,https://twitter.com/PressRelease_cc/status/1587072536826839042,PressRelease_cc,"TV Network by Creators, Streemfire, Introduces Programmatic Video Advertising Service at Web Summit¬†2022 https://t.co/6mhJCagPsc","Dallas, TX",en
2022-10-31 13:22:33+00:00,https://twitter.com/bizcommunityit/status/1587072535887233029,bizcommunityit,Al Web Summit di Lisbona le startup per combattere il cambiamento climatico #startup https://t.co/3PjODuvcUR,,it
2022-10-31 12:54:03+00:00,https://twitter.com/SUTHUB_Oficial/status/1587065362654322688,SUTHUB_Oficial,"A SUTHUB estar√° no WEB SUMMIT 2022, maior confer√™ncia em tecnologia da Europa, que acontece em Lisboa (PT), de 1 a 4 de novembro, no Stand estande B226 no Pavilh√£o Brasil da @apexbrasil! Quem nos representar√° nesta Miss√£o Internacional ser√° nosso CEO Renato Ferreira. https://t.co/fXFo7wmp2x",S√£o Paulo,pt
2022-10-31 12:52:41+00:00,https://twitter.com/rubensfileti/status/1587065019048628225,rubensfileti,"‚òëÔ∏è A Acieg j√° est√° em Portugal para a Web Summit, que √© a maior confer√™ncia da Europa em tecnologias.

‚òëÔ∏è Durante o evento, teremos a oportunidade de trocar conhecimentos e realizar parcerias que contribuir√£o para o desenvolvimento do estado.",Goi√¢nia,pt
2022-10-31 12:51:25+00:00,https://twitter.com/PeterFintec/status/1587064698733826050,PeterFintec,Off to Web Summit in Lisbon to get inspired by the great and good of the Tech world... and meet lots of colleagues from @SoftServeInc for the first time.,,en
2022-10-31 12:44:05+00:00,https://twitter.com/1981_ck/status/1587062853760057349,1981_ck,"@VladimirDanylev @TuckerEtsy @WebSummit It is. Find one of Mates' piece of writing that is incorrect and prove its incorrect and then I'll have to hold my hands up and say I'm wrong. But you can't, neither can web summit. That's why you try and silence. It's a sad state of affairs that people are silenced not debunked","Nottingham, England",en
2022-10-31 12:41:00+00:00,https://twitter.com/BobbyAllyn/status/1587062077524512769,BobbyAllyn,Interviewed Margrethe Vestager in her office in Copenhagen today. I asked if she‚Äôs going to Web Summit this year and she said: ‚ÄúNo. I don‚Äôt like to be that predictable.‚Äù,"Los Angeles, CA",en
2022-10-31 12:40:20+00:00,https://twitter.com/kfdan/status/1587061910507167745,kfdan,Portugal should be ashamed of canceling the Greyzone from speaking at the Web Summit in Portugal... a sad case of the media tools freaking out over the truth that covers up the disinformation spread by mainstream media!https://t.co/4E9dqBpWf9,Tokyo,en
2022-10-31 12:29:12+00:00,https://twitter.com/ITAMadrid_/status/1587059109853110273,ITAMadrid_,"¬°Ma√±ana empieza el Web Summit 2022! ¬°Las 32 empresas italianas os esperan, junto al Stand ITA en Lisboa!
Para ver nuestro catalogo pulsen el siguiente enlace --&gt;¬†https://t.co/E14vvqovnd https://t.co/iyWpImuiLp",Madrid,es
2022-10-31 12:26:07+00:00,https://twitter.com/wilsonmartinscv/status/1587058334263287808,wilsonmartinscv,"Ready Web Summit 2022
CVM√≥vel, SA / #cvtelecom https://t.co/oY8EmjOdTg",Cape Verde,es
2022-10-31 12:21:17+00:00,https://twitter.com/EFEnoticias/status/1587057117151862784,EFEnoticias,"La Web Summit, el mayor congreso tecnol√≥gico de Europa, vuelve este martes a Lisboa con un n√∫mero r√©cord de startups y entradas agotadas.

Contar√° con la presencia de altos cargos de empresas como Binance, Apple, Signal, Airbnb y Google y figuras como el ling√ºista Noam Chomsky. https://t.co/aMndpMkjRR",Madrid,es
2022-10-31 12:17:37+00:00,https://twitter.com/_prototyp/status/1587056195994525696,_prototyp,"We're preparing for one of the world's most significant tech events. Yes, we're talking about @WebSummit in Lisbon! What a fantastic opportunity to meet and share thoughts over a coffee or beer. üòÑ 

p.s. We're on the Web Summit mobile app. Don't be shy, say hello! üíô https://t.co/bXsQpE090b","Osijek, Croatia",en
2022-10-31 12:15:34+00:00,https://twitter.com/germanpv/status/1587055677142597633,germanpv,Barcelona y la Generalitat promocionar√°n a 24 startups catalanas en el Web Summit de Lisboa https://t.co/7Aerkz4cek https://t.co/dcONwAVX2O,Madrid y Guadalajara,ca
2022-10-31 12:05:10+00:00,https://twitter.com/heydenario/status/1587053062836944899,heydenario,"‚ú® Denario is nominated as one of the 10 most anticipated startups at Web Summit 2022: https://t.co/ISq9hqekAg

Here‚Äôs how you can catch us during the event:

üìçOn the 2nd of November, Booth B202, Pavilion Two
üó£ Reach out to Mario Arabov or Simon Hast

See you in üáµüáπ Lisboa https://t.co/vrc3AA2rrI",Berlin & Miami,en
2022-10-31 12:03:17+00:00,https://twitter.com/simonrohrbach/status/1587052587777511427,simonrohrbach,"Heading to Lisbon for Web Summit later today, and on stage Thursday to introduce @plainsupport! Who's around?","London, England",en
2022-10-31 12:03:06+00:00,https://twitter.com/WayraUK/status/1587052539941355520,WayraUK,"üôå Edison Accelerator ft. #WebSummit social

ü•Ç Alongside the masterclass, we‚Äôre hosting our own #ecosystem social to round off Web Summit! 

Would you like to be part of our collaborative ecosystem? DM our @thomasbonsoir!
#WebSummit2022 #Lisbon #EdisonEcosystem #DigitalHealth https://t.co/XxDcQkX6XB","London, England",en
2022-10-31 11:51:43+00:00,https://twitter.com/joeprkns/status/1587049677106683904,joeprkns,"Lisbon Bound! üáµüáπ 

Any tweeter friends attending web summit? https://t.co/s9E9NaSy6t",United Kingdom,en
2022-10-31 11:46:40+00:00,https://twitter.com/daryna_antoniuk/status/1587048406924525569,daryna_antoniuk,"Given Web Summit‚Äôs importance and scale, ‚Äúit was utterly inappropriate to give those speakers a voice on its stage.‚Äù","Kyiv, Ukraine",en
2022-10-31 11:46:40+00:00,https://twitter.com/daryna_antoniuk/status/1587048403741065216,daryna_antoniuk,"Among Web Summit‚Äôs controversial invitees were Max Blumenthal and Aaron Mate, journalists at The Grayzone, a far-left news website known for its misleading reporting and sympathetic coverage of authoritarian regimes.","Kyiv, Ukraine",en
2022-10-31 11:41:52+00:00,https://twitter.com/askolatte/status/1587047197551517696,askolatte,"IÃ∂tÃ∂'Ã∂sÃ∂ Ã∂rÃ∂aÃ∂cÃ∂eÃ∂ Ã∂wÃ∂eÃ∂eÃ∂kÃ∂
It's Web Summit week https://t.co/FeaXwoN3hj",Totoland,es
2022-10-31 11:40:49+00:00,https://twitter.com/paulo_pedro_86/status/1587046934082191362,paulo_pedro_86,"I've just posted a new blog: Microsoft desafia 20 startups, do programa Microsoft for Startups, a brilhar na Web Summit https://t.co/sfsFG3wN2O https://t.co/tRDGZAJRLm",Vila Nova de Paiva,en
2022-10-31 11:39:36+00:00,https://twitter.com/GK_Ventures/status/1587046625192677376,GK_Ventures,@johnkoetsier enjoy Web Summit John. Great show.,NYC area,en
2022-10-31 11:31:02+00:00,https://twitter.com/builtrix/status/1587044469622325249,builtrix,Do you want to know how do we use AI &amp; Data analytics to uncover energy-saving opportunities in Buildings? Let's  meet during the  web summit. #WebSummit2022 https://t.co/Mlv5qQc7IW,"Lisbon, Portugal",en
2022-10-31 11:29:03+00:00,https://twitter.com/nathanbenaich/status/1587043974358917120,nathanbenaich,"@Dpbrinkm ""for web summit"" - jesus, who do you take me for...",the interwebs,en
2022-10-31 11:27:16+00:00,https://twitter.com/OoMarinette/status/1587043523970334725,OoMarinette,Web Summit de Lisbonne: les cryptos au c≈ìur des d√©bats de la grand-messe europ√©enne de la tech - BFM Crypto: https://t.co/e3vu70Ec7r #ActuWeb,France,fr
2022-10-31 11:26:36+00:00,https://twitter.com/Dpbrinkm/status/1587043354633707521,Dpbrinkm,@nathanbenaich costa de caparica for web summit?,Small town in Germany,ca
2022-10-31 11:23:41+00:00,https://twitter.com/ZulficarSilva3/status/1587042619653234689,ZulficarSilva3,Sabiam que  a Uber foi apresentada na  web summit?,em Marte ,pt
2022-10-31 11:20:00+00:00,https://twitter.com/meioemensagem/status/1587041693735391232,meioemensagem,"Ap√≥s vers√£o h√≠brida, em 2021, Web Summit retorna com recorde em inscri√ß√µes e participa√ß√£o de startups, al√©m da cria√ß√£o de quatro palcos e um evento especial sobre influenciadores #comunica√ß√£oemarketing #WebSummit 

https://t.co/8xvdrbDG7n",S√£o Paulo/BRASIL,pt
2022-10-31 11:18:58+00:00,https://twitter.com/WebSummit/status/1587041433000738816,WebSummit,"We‚Äôre giving one lucky Web Summit ticket holder two reserved front row seats for tomorrow night‚Äôs Opening Night event!
All you have to do to be in with a chance to win is get in a photo with one of our signs scattered around the city and share using #WebSummit!
Happy hunting üïµÔ∏è https://t.co/7P0hOoZjwo",Lisbon,en
2022-10-31 11:02:40+00:00,https://twitter.com/Intellectsoft/status/1587037331286102017,Intellectsoft,"Intellectsoft‚Äôs team is headed to one of the largest tech conferences ‚Äî Web Summit 2022 to discuss the future of technologies and redefine the global tech industry. 
 https://t.co/ajqoH1JfZa

#WebSummit #DigitalTransformation #SoftwareSolutions https://t.co/rYs3b7hnWz",Miami,en
2022-10-31 11:01:46+00:00,https://twitter.com/dokkiapp/status/1587037105989029900,dokkiapp,"Demain c'est le grand jour. Toute l'√©quipe est dans les starting-block (ou plut√¥t √† l'a√©roport ‚úàÔ∏è) pr√™te √† embarquer vers cette grande aventure !

Web Summit nous voil√† !

#WebSummit #WebSummit22 #Technology #EdTech #StartUp https://t.co/wIjln01gd3",,fr
2022-10-31 10:59:18+00:00,https://twitter.com/alexchristou_/status/1587036484409884673,alexchristou_,"Looking to buy a web summit ticket, is anyone selling? üáµüáπ","London, England",en
2022-10-31 10:57:30+00:00,https://twitter.com/kriszyp/status/1587036034251911168,kriszyp,"Heading to Lisbon for Web Summit this week. Anybody else going to the conference, want to connect?","Cottonwood Heights, UT",en
2022-10-31 10:53:32+00:00,https://twitter.com/ChantayyJayy/status/1587035033671532546,ChantayyJayy,"Is anyone at the Web Summit this week? I'm heading over with @WeTransfer and will be chatting with their CEO about The Autonomy Economy &amp; have a few other panels - come and say HIIIIII!

https://t.co/0ux0tyC5DB https://t.co/zKL1e3Xgw1",London,en
2022-10-31 10:51:22+00:00,https://twitter.com/atlaslisbon/status/1587034487170408450,atlaslisbon,"Lisbon ‚Äòdrenched‚Äô with money, co-founder of Web Summit says | The Portugal¬†News https://t.co/fBIEsj77nt https://t.co/Nb6T76jcFC","Lisbon, Portugal",en
2022-10-31 10:47:10+00:00,https://twitter.com/DCMSwiss/status/1587033431908794369,DCMSwiss,"Web Summit in #Lisbon is already around the cornerüáµüáπ

Dates: 1st-4th November

Our Founder &amp; CEO @jzornot will be attending - come and say hi if you're around üëã

#WebSummit #WebSummit2022 #Lisbon https://t.co/OfxRoOWVEf","Neuchatel, Switzerland",en
2022-10-31 10:41:10+00:00,https://twitter.com/kirpensteijn/status/1587031922500313089,kirpensteijn,I am at Web Summit in Lisboa this week! Let¬¥s meet up and reconnect.,"Munich, Bavaria",en
2022-10-31 10:34:07+00:00,https://twitter.com/DCEstUK/status/1587030148213358592,DCEstUK,"After a bit of toing and froing I'm going to be heading to Web Summit in Lisbon this week! ü•≥

Let me know if you are there and would like to catchup üçª

Also if you know of any key startup players I should meet, especially from the Nordics/Baltics, then do please intro them!üôè","Tallinn, Estonia",en
2022-10-31 10:34:06+00:00,https://twitter.com/BrinkmanMichiel/status/1587030142144094208,BrinkmanMichiel,"Attending Web Summit in #Lisbon? @googlesre @jennski will be giving a talk on the Google Masterclass stage on ""SRE Anti-patterns in Everyday Life and What They Teach Us"" 

Register for this talk &amp; others here: https://t.co/4JncIQCihd https://t.co/meEHBk36Di",,en
2022-10-31 10:24:51+00:00,https://twitter.com/omchainio/status/1587027815555383296,omchainio,"We‚Äôre just one day away from #WebSummit 2022 üéâ

What topics are you most looking forward to at Web Summit?üëá

@WebSummit https://t.co/uOc1opWqoM",Blockchain,en
2022-10-31 10:21:38+00:00,https://twitter.com/ECOnews_PT/status/1587027006667034624,ECOnews_PT,"‚ÄòLisbon will remain by far the biggest event‚Äô for Web Summit, says Paddy Cosgrave https://t.co/oneAIfNBiU","Lisbon, Portugal",en
2022-10-31 10:21:19+00:00,https://twitter.com/wert_io/status/1587026927700873216,wert_io,"Come join us on the 3rd of November in Lisbon, a Web summit side event that we are hosting!
Invite only, reserve your spot. 

https://t.co/LvaIUqbXo6 https://t.co/8HHEbuIFZ3",Tallinn,en
2022-10-31 10:20:49+00:00,https://twitter.com/JuiceboxLealSCP/status/1587026799774601216,JuiceboxLealSCP,"@rry1906 I hear you but theres alot of people going to this web summit. Usually there‚Äôs 100s of places available. It is what it is, I‚Äôm just going to the game, staying in a small place for the night then I‚Äôm out","New Jersey, USA",en
2022-10-31 10:15:33+00:00,https://twitter.com/jowyang/status/1587025476723167232,jowyang,Who is headed to Web Summit? Or Solana Breakpoint?  I‚Äôll be there.,"Silicon Valley, CA",en
2022-10-31 10:10:02+00:00,https://twitter.com/thomashaudiquer/status/1587024087968260096,thomashaudiquer,So who‚Äôs going to Web Summit?,Europe üá™üá∫,en
2022-10-31 10:05:42+00:00,https://twitter.com/InvoZone/status/1587022997688287236,InvoZone,"Oi geeks de tecnologia üôåüèª

Our Head of Business Operations and compliance Umair Qureshi is waiting to meet you all at Web Summit Lisbon. We are all geared up to showcase our expertise tomorrow.

#invozoneXwebsummit #websummit2022 #websummit #invozone #blockchain #metaverse https://t.co/8Q2gYbn8BO","USA Pembroke Pines,Florida 330",en
2022-10-31 10:02:08+00:00,https://twitter.com/rb_ru/status/1587022097263509504,rb_ru,"–¢–æ–ø-5 –º–µ—Ä–æ–ø—Ä–∏—è—Ç–∏–π –Ω–∞ Web Summit, –∫–æ—Ç–æ—Ä—ã–µ –Ω–µ–ª—å–∑—è –ø—Ä–æ–ø—É—Å—Ç–∏—Ç—å https://t.co/uUcLqPKlY0 https://t.co/Dv7WLghyIs","–ú–æ—Å–∫–≤–∞, –†–æ—Å—Å–∏—è",ru
2022-10-31 10:01:08+00:00,https://twitter.com/AudioMob_HQ/status/1587021845781528578,AudioMob_HQ,"üìç Tomorrow, we are at Web Summit! 

Web Summit is an epic event, so we can't wait to get to Lisbon. ‚úàÔ∏è

If you are attending and want to learn more about what our in-game #audioad solution can do for you, be sure to reach out to the team!

#tech #technology #adtech https://t.co/VhmgtQytJr",London & UAE,en
2022-10-31 10:00:01+00:00,https://twitter.com/kleesto/status/1587021565186772993,kleesto,"Are you interested in the travel industry?
WEB SUMMIT starts tomorrow! Kleesto pandas will be there! Meet us to learn how to get your travel business to the next level! Book your meeting here: https://t.co/SiP3W1VgUW

#kleesto #kleesto #travelmanagement #touroperatorsoftware https://t.co/vDqovvnJes",,en
2022-10-31 09:54:01+00:00,https://twitter.com/hagaetc/status/1587020055266598916,hagaetc,"I'll be in Lisbon this week üáµüáπ‚òÄÔ∏èüï∂

- Talking about crypto data at Web Summit Wed üì£
- Wizards and Wine - Dune Meetup Wed evening. Come thru fam https://t.co/WbUL8p3ao6 üßôüç∑
- Might announce some cool new @solana x @DuneAnalytics thangs at Solana Breakpoint on SaturdayüëÄüí´

lfg!",Dune,en
2022-10-31 09:53:12+00:00,https://twitter.com/itsmariakirova/status/1587019849758187520,itsmariakirova,"Over 150 attendees are joining the Web Summit 2022 Kickoff Mixer! ü•Ç‚ú®

So excited to meet everyone this evening! Hurry cause the tickets are closing soon - only a few left! 

#eventplanning #WebSummit2022 #femalefounders #LisbonBlockchainWeek 

 https://t.co/RhtCkyzEBS https://t.co/uJhBFc0802",United States,en
2022-10-31 09:52:54+00:00,https://twitter.com/1GreenEvolution/status/1587019775426924544,1GreenEvolution,"TV network by creators, Streemfire, introduces programmatic video advertising service at Web Summit 2022 https://t.co/zCY9inC9M3 #Organic #Health #Food #Cooking",Asia,en
2022-10-31 09:52:54+00:00,https://twitter.com/1GreenEvolution/status/1587019773681999872,1GreenEvolution,Le r√©seau de t√©l√©vision des cr√©ateurs Streemfire pr√©sente un service de publicit√© vid√©o programmatique lors du Web Summit 2022 https://t.co/jHS9IbYzlE #Organic #Health #Food #Cooking,Asia,fr
2022-10-31 09:38:22+00:00,https://twitter.com/zonkafeedback/status/1587016116165087233,zonkafeedback,"Zonka Feedback Joins Global Startup Community at Web Summit 2022
https://t.co/aqwne9cnnj",,en
2022-10-31 09:37:36+00:00,https://twitter.com/BfmCrypto/status/1587015924611260416,BfmCrypto,"Web Summit de Lisbonne: les cryptos au c≈ìur des d√©bats de la grand-messe europ√©enne de la tech
https://t.co/0IxoUaXMPp https://t.co/BGtZp2qQfe",Paris,fr
2022-10-31 09:37:35+00:00,https://twitter.com/BFMBourse/status/1587015921826250752,BFMBourse,"Web Summit de Lisbonne: les cryptos au c≈ìur des d√©bats de la grand-messe europ√©enne de la tech
https://t.co/29AUPX6vz0 https://t.co/sY70ob7dCj",BFM Business,fr
2022-10-31 09:37:35+00:00,https://twitter.com/BFMTV/status/1587015919058001920,BFMTV,"Web Summit de Lisbonne: les cryptos au c≈ìur des d√©bats de la grand-messe europ√©enne de la tech
https://t.co/tTd3yyLgf7 https://t.co/3NE8mSyZOa",France,fr
2022-10-31 09:37:34+00:00,https://twitter.com/bfmbusiness/status/1587015918105812994,bfmbusiness,"Web Summit de Lisbonne: les cryptos au c≈ìur des d√©bats de la grand-messe europ√©enne de la tech
https://t.co/NHD0jMLAby https://t.co/GnWbZkvOML",,fr
2022-10-31 09:34:03+00:00,https://twitter.com/thextok/status/1587015031350349825,thextok,"Hey everyone
We are glad to inform you that one of the Xtok founders will take part in World's most prominent web3 conference Web Summit on November 1-4.
Very soon,we will announce the dates of NFT sales for the community and the possible launch dates of Xtok itself. Stay tunedüöÄ https://t.co/BER1HxBvg6",Estonia,en
2022-10-31 09:30:01+00:00,https://twitter.com/mc2gmi/status/1587014015301177344,mc2gmi,crypto onboarding is easier than Web Summit Check-In,London,en
2022-10-31 09:19:24+00:00,https://twitter.com/NextwoCo/status/1587011346108977152,NextwoCo,ŸÜÿ≥ÿπÿØ ÿ®ÿßŸÑÿ•ÿπŸÑÿßŸÜ ÿπŸÜ ÿØÿπŸàÿ© ÿ¥ÿ±ŸÉÿ© #Nextwo ŸÖŸÖÿ´ŸÑÿ© ÿ®ŸÖÿØŸäÿ±Ÿáÿß ÿßŸÑÿ™ŸÜŸÅŸäÿ∞Ÿä ÿßŸÑÿ≥ŸäÿØ ÿ®Ÿáÿßÿ° ÿßŸÑÿØŸäŸÜ ÿ≤ŸÑŸàŸÖ ŸÖŸÜ ŸÇÿ®ŸÑ Ÿàÿ≤ÿßÿ±ÿ© ÿßŸÑÿßÿ™ÿµÿßŸÑ ÿßŸÑÿ±ŸÇŸÖŸäÿå ŸÑŸÑŸÖÿ¥ÿßÿ±ŸÉÿ© ŸÅŸä ÿßŸÑŸÖÿ§ÿ™ŸÖÿ± ÿßŸÑÿØŸàŸÑŸä Web Summit 2022 ŸàÿßŸÑŸÖŸÜÿπŸÇÿØ ŸÅŸä ÿßŸÑÿ®ÿ±ÿ™ÿ∫ÿßŸÑ ÿ®ÿßŸÑŸÅÿ™ÿ±ÿ© ŸÖÿß ÿ®ŸäŸÜ 1-11-2022 Ÿàÿ≠ÿ™Ÿâ 4-11-2022 https://t.co/xlxa4j44tJ,Hashemite Kingdom of Jordan,ar
2022-10-31 09:16:12+00:00,https://twitter.com/RescueFostrAdpt/status/1587010540999581696,RescueFostrAdpt,"@WebSummit ""Web Summit has always been a platform for rigorous debate..."" until now?",,en
2022-10-31 09:07:02+00:00,https://twitter.com/OyunEKS/status/1587008231146225666,OyunEKS,"As Oyuneks,we are partipating in the World's technology conference Web Summit 2022. 
#WebSummit #WebSummit2022 https://t.co/ge2rau56HH",,en
2022-10-31 09:00:36+00:00,https://twitter.com/Renascenca/status/1587006613285650435,Renascenca,"Web Summit em Lisboa depois de 2028? ‚ÄúEstamos em conversa√ß√µes‚Äú, diz Paddy Cosgrave https://t.co/7OCeOrli4A",,pt
2022-10-31 08:54:59+00:00,https://twitter.com/brunowinck/status/1587005201415913472,brunowinck,"@Mathilde_Leo @levelsio The one on left has ""nft/eth"" eyes, probably some influence of the web summit :)",Our little blue planet,en
2022-10-31 08:51:32+00:00,https://twitter.com/dntwit/status/1587004332159160320,dntwit,O que n√£o perder na Web Summit 2022 https://t.co/SGuJNewZvx,Lisboa,pt
2022-10-31 08:42:02+00:00,https://twitter.com/vchampain/status/1587001941112020992,vchampain,Meet EIT Community at Web Summit 2022 in Lisbon  As a summit that‚Äôs been dubbed by Politico as ‚Äúthe world‚Äôs premier tech conference‚Äù https://t.co/gZ2KwQNDSP,"Paris, France",en
2022-10-31 08:36:50+00:00,https://twitter.com/LeeEnglestone/status/1587000632837390336,LeeEnglestone,"Some great tech community events happening this week!

üß† All Things Open 2022
üß† Caribbean Developers Conference
üß† Global XR Conference 2022
üß† Web Summit
üß† Digital Ocean Web Summit 2022
üë©‚Äçüíª Game Off 2022

Check out https://t.co/bD6Y1O8tnF for more!
#techcommunity #devcommunity https://t.co/9WQXu9x1fx","Manchester, UK",en
2022-10-31 08:33:33+00:00,https://twitter.com/OsmanKuzucu/status/1586999804844023809,OsmanKuzucu,@sahinmf @Filecoin @omchainio Web Summit'te var.,meow-verse,en
2022-10-31 08:32:10+00:00,https://twitter.com/Renascenca/status/1586999457605996545,Renascenca,Web Summit 2022 anuncia-se como ‚Äúa maior de sempre‚Äú https://t.co/VCuCLVPkFm,,pt
2022-10-31 08:25:00+00:00,https://twitter.com/umutyakaa/status/1586997656483684352,umutyakaa,"I will be in Lisbon this week for Web Summit. 
Shoot me a DM or find me on the event app.ü•Ç",,en
2022-10-31 08:24:17+00:00,https://twitter.com/wnip/status/1586997476107616256,wnip,"We're at The Web Summit in #Lisbon all this week (31st Oct - Nov 4th) covering the publisher track. If you are also attending and would like to meet, please DM us. #WebSummit https://t.co/NTmEASll6R",London & Boulder,en
2022-10-31 08:03:43+00:00,https://twitter.com/VIEmediaNEWS/status/1586992298172162048,VIEmediaNEWS,"Streemfire, das TV-Netzwerk der Content Creators, stellt auf dem Web
Summit 2022 einen programmatischen Videowerbedienst vor  https://t.co/083emh2uv7",,de
2022-10-31 08:03:32+00:00,https://twitter.com/rodolfocondessa/status/1586992253427253248,rodolfocondessa,"Today, Armilar VP will attend the EIC Investor Day on SW and HW, held right here in Lisbon on the eve of the Web Summit.

Looking forward to engaging with DeepTech founders and serving as jury for the SW panel; Jos√© Guerreiro de Sousa will be sharing some‚Ä¶https://t.co/rpzLfllqcj","Lisboa, Portugal",en
2022-10-31 07:54:53+00:00,https://twitter.com/DeutschJill/status/1586990077154058240,DeutschJill,me trying to find one specific email in my inbox which is now just hundreds of web summit intro messages https://t.co/YVEcptQT1C,still on twitter,en
2022-10-31 07:48:02+00:00,https://twitter.com/firmenpresse/status/1586988352989192192,firmenpresse,"Streemfire, das TV-Netzwerk der Content Creators, stellt auf dem Web Summit 2022 einen programmatischen Videowerbedienst vor https://t.co/onnkiGnKIR","Stutensee, Deutschland",de
2022-10-31 07:48:01+00:00,https://twitter.com/itikode/status/1586988348283158528,itikode,"Streemfire, das TV-Netzwerk der Content Creators, stellt auf dem Web Summit 2022 einen programmatischen Videowerbedienst vor https://t.co/ghKWr3tZUA",Stutensee,de
2022-10-31 07:48:01+00:00,https://twitter.com/mittelstandcafe/status/1586988347536609282,mittelstandcafe,"Streemfire, das TV-Netzwerk der Content Creators, stellt auf dem Web Summit 2022 einen programmatischen Videowerbedienst vor https://t.co/iXj6cAcca4",Stutensee,de
2022-10-31 07:36:10+00:00,https://twitter.com/dbazzie/status/1586985366954950660,dbazzie,"@paddycosgrave Wondering, and I mean it seriously - what is a ‚Äòweb summit‚Äô?",,en
2022-10-31 07:33:34+00:00,https://twitter.com/pp_gesellschaft/status/1586984710261309441,pp_gesellschaft,"Streemfire, das TV-Netzwerk der Content Creators, stellt auf dem Web Summit 2022 einen programmatischen Videowerbedienst vor https://t.co/Kr9sUuEVoS via @na_presseportal #ots #wirtschaft #news","Hamburg, Deutschland",de
2022-10-31 07:33:33+00:00,https://twitter.com/presseportal_ch/status/1586984708545839105,presseportal_ch,"Streemfire, das TV-Netzwerk der Content Creators, stellt auf dem Web Summit 2022 einen programmatischen Videowerbedienst vor https://t.co/cVGmE7C1U3 via @presseportal_ch #ots #news #Medienmitteilung",Z√ºrich,de
2022-10-31 07:27:35+00:00,https://twitter.com/apaots_gesamt/status/1586983204908851200,apaots_gesamt,"Streemfire, das TV-Netzwerk der Content Creators, stellt auf dem Web Summit 2022 einen programmatischen Videowerbedienst vor https://t.co/I7TZgAFsCI",Vienna,de
2022-10-31 07:25:38+00:00,https://twitter.com/classicinfo/status/1586982716070760448,classicinfo,"We Are Attending Web Summit, Lisbon 2022 - 
Web Summit 2022 is the biggest tech event of the year. We're excited to attend it in Lisbon, Portugal.
Are you also attending #WebSummit? Let's catch up at stall no- E369 
#WebSummit2022 #WebSummitLisbon  
https://t.co/keRPiTIfcM","India, Sydney, London",en
2022-10-31 07:03:09+00:00,https://twitter.com/brandaktuellat/status/1586977056776019969,brandaktuellat,"Streemfire, das TV-Netzwerk der Content Creators, stellt auf dem Web Summit 2022 einen programmatischen Videowerbedienst vor https://t.co/RbEDUDhFtP",,de
2022-10-31 07:03:01+00:00,https://twitter.com/na_presseportal/status/1586977023041290240,na_presseportal,"Streemfire: Streemfire, das TV-Netzwerk der Content Creators, stellt auf dem Web Summit 2022 einen programmatischen Videowerbedienst vor https://t.co/3FlAvRMCI4","Hamburg, Deutschland",de
2022-10-31 07:02:22+00:00,https://twitter.com/TOPNewsAT/status/1586976858654273537,TOPNewsAT,"Streemfire, das TV-Netzwerk der Content Creators, stellt auf dem Web Summit 2022 einen programmatischen Videowerbedienst vor #City https://t.co/CnoFvAvuZU",Austria,de
2022-10-31 07:01:44+00:00,https://twitter.com/dntwit/status/1586976700843581440,dntwit,O que n√£o perder na Web Summit 2022 https://t.co/hPYsfuz67V,Lisboa,pt
2022-10-31 05:30:13+00:00,https://twitter.com/The_Geeky_News/status/1586953667189448706,The_Geeky_News,"In Lisbon, Web Summit looks at the cloud future of crypto https://t.co/EGbneI75Wp 
        The Web Summit, a European high-tech conference, will start on Tuesday evening in the Portuguese capital, in particular, with the pro...",,en
2022-10-31 05:29:54+00:00,https://twitter.com/floringrozea/status/1586953590576451584,floringrozea,"If you are in Lisbon this week and want to see why L!NK is hyped right now in Europe and North America, just send me a message in the Web Summit official App.

Vamos fazer isso! ü§©

@linksoftwareapp #startup #entrepreneurlife #tech",Barcelona & London,en
2022-10-31 05:29:53+00:00,https://twitter.com/floringrozea/status/1586953583529967618,floringrozea,"Learning and networking and raising in Lisbon this week at Web Summit 2022. This is my second visit to Portugal üáµüáπ, and I'm eager to meet many people during the four days. I have found the Romanian team is 150+ entrepreneurs and investors! 

Vamos fazer isso! ü§©@WebSummit https://t.co/NN8dNMQ9o2",Barcelona & London,en
2022-10-31 05:28:33+00:00,https://twitter.com/Macau_Business/status/1586953247947780096,Macau_Business,"After a three-year gap, local economic authorities have informed Macau News Agency that they plan to again organize a local startup delegation to future editions of the Web Summit tech conference in Lisbon.

https://t.co/1xFrhgo8ww",Macau,en
2022-10-31 05:27:33+00:00,https://twitter.com/OoMarinette/status/1586952999402078208,OoMarinette,"A Lisbonne, le Web Summit se penche sur l'avenir n√©buleux de la crypto - Notre Temps: https://t.co/UT4gvZekwS #ActuWeb",France,fr
2022-10-31 05:15:08+00:00,https://twitter.com/PiNetworkFrance/status/1586949873949364224,PiNetworkFrance,"A Lisbonne, le Web Summit se penche sur l'avenir n√©buleux de la crypto https://t.co/wHKQTLoxgL",France,fr
2022-10-31 03:57:19+00:00,https://twitter.com/afqhtni/status/1586930291490390019,afqhtni,ŸÖÿ™Ÿàÿ¨Ÿá ÿ®ÿ£ÿ∞ŸÜ ÿßŸÑŸÑŸá ÿßŸÑŸâ ÿßŸÑÿ®ÿ±ÿ™ÿ∫ÿßŸÑ üáµüáπ ŸÑÿ≠ÿ∂Ÿàÿ± ŸÖÿ§ÿ™ŸÖÿ± ÿßŸÑ web summit ŸÖŸÖÿ´ŸÑÿßŸã ŸÑÿ¥ÿ±ŸÉÿ© @snoonu_qa Ÿà ÿ®ÿØÿπŸàÿ© ŸÖŸÜ ÿßŸÑÿ£ÿπÿ≤ÿßÿ° ŸÅŸä @QDBQA ŸÑÿ™ŸÖÿ´ŸäŸÑ ÿØŸàŸÑÿ© ŸÇÿ∑ÿ± üá∂üá¶ ŸÅŸä ÿßŸÑŸÖÿ¥ÿßÿ±Ÿäÿπ ÿßŸÑŸÜÿßÿ¥ÿ¶ÿ©ÿå ÿ®ÿ£ÿ∞ŸÜ ÿßŸÑŸÑŸá ÿ®ÿ™ŸÉŸàŸÜ ÿ™ÿ≠ÿ™ Ÿáÿ∞Ÿá ÿßŸÑÿ™ÿ∫ÿ±ŸäÿØÿ© ÿ™ÿ∫ÿ∑Ÿäÿ© ŸÑŸÑÿ±ÿ≠ŸÑÿ© üòÅ https://t.co/wsTALb6Ndo,"Doha, Qatar",ar
2022-10-31 03:56:01+00:00,https://twitter.com/DayTranslations/status/1586929964095574018,DayTranslations,"Going to the Web Summit 2022 in Lisbon?
DM us to connect with us via de Web Summit App and book a meeting with us!
. 
Hope to see you there!
.
#Websummit #DayTranslations #Websummitnetworking #websummitlisbon2022 #Lisbon2022 #WebSummit2022 #networking #Marketing #Tech https://t.co/i2jMFgqgwh","New York, NY",en
2022-10-31 03:43:06+00:00,https://twitter.com/rajatbassi/status/1586926710406410240,rajatbassi,Planning to attend Web Summit this year? Expedia Group CTO Rathi Murthy will be joining technology leaders from around the world to discuss organizational transformation and the ways data and technology are revolutionizing the travel industry. #WebSummit https://t.co/iKnQGjNJPw,,en
2022-10-31 03:37:59+00:00,https://twitter.com/SusieJosh1/status/1586925425095315456,SusieJosh1,Polkdadot Brings the Future of Web 3.0 to Web Summit 2022 https://t.co/TTboW7w33S üöÄ Bet with $BTC,Space,en
2022-10-31 03:37:54+00:00,https://twitter.com/rajatbassi/status/1586925401812914179,rajatbassi,Planning to attend Web Summit this year? Expedia Group CTO Rathi Murthy will be joining technology leaders from around the world to discuss organizational transformation and the ways data and technology are revolutionizing the travel industry. #WebSummit https://t.co/BJS9H9s6JC,,en
2022-10-31 03:28:02+00:00,https://twitter.com/CryptoTraderPro/status/1586922920206815232,CryptoTraderPro,Polkdadot Brings the Future of Web 3.0 to Web Summit 2022 https://t.co/jjw5ZvmiSj üöÄ Bet with $BTC via ‚ü∂ https://t.co/4h0cyuFPFk ‚àö https://t.co/FSdsU0hV7E,üá∫üá∏,en
2022-10-31 03:26:53+00:00,https://twitter.com/webnowcompany/status/1586922629013049345,webnowcompany,"Lisbon, Portugal This year, Web Summit 2022 presents a separate crypto track for blockchain enthusiasts to discuss trends and challenges in Web 3.0. Polkad...Read more: https://t.co/5i8QOky4Ta",USA,en
2022-10-31 03:13:18+00:00,https://twitter.com/LissetteMaqueda/status/1586919210906972160,LissetteMaqueda,Planning to attend Web Summit this year? Expedia Group CTO Rathi Murthy will be joining technology leaders from around the world to discuss organizational transformation and the ways data and technology are revolutionizing the travel industry. #WebSummit https://t.co/Q1AIpj2X35,DF,en
2022-10-31 03:10:31+00:00,https://twitter.com/justanauditor1/status/1586918512119144448,justanauditor1,Polkdadot Brings the Future of Web 3.0 to Web Summit 2022 - https://t.co/21Wl9JhMU1 https://t.co/6WQ4WeD3Co,Worldwide,en
2022-10-31 02:29:03+00:00,https://twitter.com/TokenJay/status/1586908076720156672,TokenJay,Polkdadot Brings the Future of Web 3.0 to Web Summit 2022 https://t.co/smMFu7MaAh #CryptoCurrency (from Reddit) https://t.co/bW2SL8r5v7,Earth,en
2022-10-31 02:29:03+00:00,https://twitter.com/SENDYOURNFT/status/1586908076460109824,SENDYOURNFT,Polkdadot Brings the Future of Web 3.0 to Web Summit 2022 https://t.co/SVXPR45UXK #NFTCommunity #NFTGiveaways #NFT,"Los Angeles, CA",en
2022-10-31 02:29:02+00:00,https://twitter.com/swankyfinance/status/1586908073880584192,swankyfinance,Polkdadot Brings the Future of Web 3.0 to Web Summit 2022 https://t.co/BtZi23re1r #CryptoCurrency,,en
2022-10-31 02:28:56+00:00,https://twitter.com/btcnewsapp/status/1586908048748003328,btcnewsapp,Polkdadot Brings the Future of Web 3.0 to Web Summit 2022 - The Daily Hodl via BTCnews for iOS https://t.co/fxcXDA9Ojj,,en
2022-10-31 02:27:56+00:00,https://twitter.com/btcnewsapp/status/1586907795760234496,btcnewsapp,Polkdadot Brings the Future of Web 3.0 to Web Summit 2022 - The Daily Hodl via BTCnews for iOS https://t.co/fxcXDArpHT,,en
2022-10-31 02:26:56+00:00,https://twitter.com/btcnewsapp/status/1586907544672669696,btcnewsapp,Polkdadot Brings the Future of Web 3.0 to Web Summit 2022 - The Daily Hodl via BTCnews for iOS https://t.co/fxcXDArXxr,,en
2022-10-31 02:23:21+00:00,https://twitter.com/ArtSunshard/status/1586906642339139584,ArtSunshard,"The #nft and #crypto communities might be interested in this...
Polkdadot Brings the Future of Web 3.0 to Web Summit 2022
https://t.co/TkfIACt6hY",,en
2022-10-31 01:34:38+00:00,https://twitter.com/webnowcompany/status/1586894382547902464,webnowcompany,"Lisbon, Portugal This year, Web Summit 2022 presents a separate crypto track for blockchain enthusiasts to discuss trends and challenges in Web 3.0. Polkad...Read more: https://t.co/5i8QOkfVF2",USA,en
2022-10-31 01:34:02+00:00,https://twitter.com/acoindetective/status/1586894232761303040,acoindetective,Polkdadot Brings the Future of Web 3.0 to Web Summit 2022 - The Daily Hodl https://t.co/Xxe7wE8OoW,,en
2022-10-31 01:31:09+00:00,https://twitter.com/PNACATTACK/status/1586893503845498880,PNACATTACK,"Web Summit BANS Grayzone Journalists #TOPJOUNALISTS For Ukraine Truth Telling!

By The Jimmy Dore Show, 29 Oct 2022
https://t.co/Rotp3US91Z","I'm everywhere and nowhere, nowhere and everywhere. My country is planet earth and my religion is to do good. Home is where the heart is.",en
2022-10-31 01:26:52+00:00,https://twitter.com/AlphaLeaks_/status/1586892427146985472,AlphaLeaks_,Polkdadot Brings the Future of Web 3.0 to Web Summit 2022 https://t.co/4tDnbq2W1T,Metaverse,en
2022-10-31 01:23:48+00:00,https://twitter.com/TheCryptoGrill/status/1586891654505541634,TheCryptoGrill,Polkdadot Brings the Future of Web 3.0 to Web Summit 2022 - The Daily Hodl https://t.co/JVthn4PXZ6,Australia,en
2022-10-31 00:45:40+00:00,https://twitter.com/CryptoDigiCurr1/status/1586882058877558784,CryptoDigiCurr1,Polkdadot Brings the Future of Web 3.0 to Web Summit¬†2022 https://t.co/P9v7BLsTcR,,en
2022-10-31 00:41:09+00:00,https://twitter.com/Meta2140_Polska/status/1586880920950378496,Meta2140_Polska,"üáµüá± Polkdadot przedstawia przysz≈Ço≈õƒá sieci 3.0 na Web Summit 2022 
#kryptowaluty #nftpolska #btc

https://t.co/K4ob6NNMgP",,pl
2022-10-31 00:08:02+00:00,https://twitter.com/biztocnews/status/1586872589468983297,biztocnews,Polkdadot Brings the Future of Web 3.0 to Web Summit 2022 #transition #techstartups #lisbon #blockchainenthusiasts #webagencies #websummit2022 #stocks #business #entrepreneur https://t.co/ZnZkyoAlE7,,en
2022-10-31 00:05:27+00:00,https://twitter.com/JuiceboxLealSCP/status/1586871936667320320,JuiceboxLealSCP,Lmao i swear this whole process of getting tickets and planning has been cursed. I got the ticket finally... just found out WEB SUMMIT is the same day bruh !! That means 100k foreign tekkies in LX. theres no places to stay the entire week !! Fdxxxxx!!,"New Jersey, USA",en
2022-10-31 00:01:44+00:00,https://twitter.com/cryptob3nder/status/1586871004164329472,cryptob3nder,"Polkdadot Brings the Future of Web 3.0 to Web Summit 2022
#FTR 

https://t.co/D17Tq9ZRiT", ,en
